event_id,date,home_team,away_team,home_score,away_score,is_playoff,neutral,season
320518014,2012-05-19,Seattle Storm,Los Angeles Sparks,66,72,False,False,2012
320519009,2012-05-19,New York Liberty,Connecticut Sun,73,78,False,False,2012
320519005,2012-05-19,Indiana Fever,Atlanta Dream,92,84,False,False,2012
320519016,2012-05-19,Washington Mystics,Chicago Sky,57,69,False,False,2012
320519003,2012-05-20,Tulsa Shock,San Antonio Silver Stars,79,88,False,False,2012
320520008,2012-05-20,Minnesota Lynx,Phoenix Mercury,105,83,False,False,2012
320520018,2012-05-20,Connecticut Sun,New York Liberty,92,77,False,False,2012
320522009,2012-05-22,New York Liberty,Minnesota Lynx,62,80,False,False,2012
320522003,2012-05-23,Tulsa Shock,Phoenix Mercury,87,89,False,False,2012
320522006,2012-05-23,Los Angeles Sparks,Seattle Storm,74,61,False,False,2012
320524008,2012-05-25,Minnesota Lynx,Los Angeles Sparks,92,84,False,False,2012
320525018,2012-05-25,Connecticut Sun,San Antonio Silver Stars,83,79,False,False,2012
320525020,2012-05-25,Atlanta Dream,New York Liberty,100,74,False,False,2012
320525019,2012-05-26,Chicago Sky,Indiana Fever,72,83,False,False,2012
320526016,2012-05-26,Washington Mystics,Tulsa Shock,64,61,False,False,2012
320526011,2012-05-27,Phoenix Mercury,Los Angeles Sparks,88,99,False,False,2012
320527020,2012-05-27,Atlanta Dream,Indiana Fever,62,78,False,False,2012
320527008,2012-05-27,Minnesota Lynx,Seattle Storm,84,71,False,False,2012
320529006,2012-05-30,Los Angeles Sparks,Tulsa Shock,76,75,False,False,2012
320530016,2012-05-30,Washington Mystics,Minnesota Lynx,77,79,False,False,2012
320530017,2012-05-31,San Antonio Silver Stars,Chicago Sky,63,77,False,False,2012
320531020,2012-05-31,Atlanta Dream,Phoenix Mercury,81,65,False,False,2012
320601018,2012-06-01,Connecticut Sun,Minnesota Lynx,72,85,False,False,2012
320601017,2012-06-02,San Antonio Silver Stars,Phoenix Mercury,85,66,False,False,2012
320601019,2012-06-02,Chicago Sky,Washington Mystics,65,63,False,False,2012
320601014,2012-06-02,Seattle Storm,Tulsa Shock,76,58,False,False,2012
320602005,2012-06-02,Indiana Fever,New York Liberty,91,68,False,False,2012
320602020,2012-06-02,Atlanta Dream,Chicago Sky,92,94,False,False,2012
320603018,2012-06-03,Connecticut Sun,Washington Mystics,94,86,False,False,2012
320603009,2012-06-03,New York Liberty,Indiana Fever,87,72,False,False,2012
320603011,2012-06-03,Phoenix Mercury,Tulsa Shock,79,72,False,False,2012
320603008,2012-06-03,Minnesota Lynx,San Antonio Silver Stars,83,79,False,False,2012
320603006,2012-06-04,Los Angeles Sparks,Seattle Storm,67,65,False,False,2012
320605009,2012-06-05,New York Liberty,Atlanta Dream,79,74,False,False,2012
320606008,2012-06-07,Minnesota Lynx,Seattle Storm,79,55,False,False,2012
320608005,2012-06-08,Indiana Fever,Connecticut Sun,81,89,False,False,2012
320608016,2012-06-08,Washington Mystics,New York Liberty,70,76,False,False,2012
320608020,2012-06-08,Atlanta Dream,San Antonio Silver Stars,60,57,False,False,2012
320608019,2012-06-09,Chicago Sky,Tulsa Shock,98,91,False,False,2012
320608006,2012-06-09,Los Angeles Sparks,Phoenix Mercury,90,74,False,False,2012
320609003,2012-06-10,Tulsa Shock,Minnesota Lynx,73,93,False,False,2012
320609017,2012-06-10,San Antonio Silver Stars,Seattle Storm,80,67,False,False,2012
320610009,2012-06-10,New York Liberty,Chicago Sky,64,73,False,False,2012
320610018,2012-06-10,Connecticut Sun,Atlanta Dream,92,73,False,False,2012
320613018,2012-06-14,Connecticut Sun,Los Angeles Sparks,81,87,False,False,2012
320613019,2012-06-14,Chicago Sky,Seattle Storm,74,58,False,False,2012
320615016,2012-06-15,Washington Mystics,Indiana Fever,67,66,False,False,2012
320615018,2012-06-15,Connecticut Sun,New York Liberty,97,55,False,False,2012
320615020,2012-06-15,Atlanta Dream,Los Angeles Sparks,92,59,False,False,2012
320615003,2012-06-16,Tulsa Shock,Seattle Storm,73,86,False,False,2012
320615011,2012-06-16,Phoenix Mercury,Minnesota Lynx,60,78,False,False,2012
320616005,2012-06-16,Indiana Fever,Chicago Sky,84,70,False,False,2012
320616017,2012-06-17,San Antonio Silver Stars,Los Angeles Sparks,98,85,False,False,2012
320617020,2012-06-17,Atlanta Dream,Connecticut Sun,73,75,False,False,2012
320617003,2012-06-17,Tulsa Shock,Phoenix Mercury,87,75,False,False,2012
320617014,2012-06-18,Seattle Storm,Minnesota Lynx,65,62,False,False,2012
320618006,2012-06-19,Los Angeles Sparks,Washington Mystics,101,70,False,False,2012
320619018,2012-06-19,Connecticut Sun,Indiana Fever,88,85,False,False,2012
320619020,2012-06-19,Atlanta Dream,New York Liberty,60,73,False,False,2012
320620011,2012-06-21,Phoenix Mercury,Washington Mystics,80,77,False,False,2012
320620006,2012-06-21,Los Angeles Sparks,Tulsa Shock,95,79,False,False,2012
320621005,2012-06-21,Indiana Fever,Connecticut Sun,95,61,False,False,2012
320621008,2012-06-22,Minnesota Lynx,New York Liberty,102,70,False,False,2012
320622014,2012-06-23,Seattle Storm,San Antonio Silver Stars,82,76,False,False,2012
320623008,2012-06-23,Minnesota Lynx,Chicago Sky,79,67,False,False,2012
320623003,2012-06-24,Tulsa Shock,Indiana Fever,70,73,False,False,2012
320623011,2012-06-24,Phoenix Mercury,Los Angeles Sparks,84,93,False,False,2012
320624009,2012-06-24,New York Liberty,Atlanta Dream,64,74,False,False,2012
320624014,2012-06-24,Seattle Storm,Washington Mystics,72,55,False,False,2012
320624006,2012-06-25,Los Angeles Sparks,San Antonio Silver Stars,71,91,False,False,2012
320626020,2012-06-26,Atlanta Dream,Indiana Fever,70,58,False,False,2012
320626016,2012-06-26,Washington Mystics,Seattle Storm,71,79,False,False,2012
320626003,2012-06-27,Tulsa Shock,Los Angeles Sparks,91,75,False,False,2012
320627019,2012-06-27,Chicago Sky,Indiana Fever,72,81,False,False,2012
320627008,2012-06-28,Minnesota Lynx,Phoenix Mercury,96,80,False,False,2012
320628017,2012-06-28,San Antonio Silver Stars,Los Angeles Sparks,94,80,False,False,2012
320629016,2012-06-29,Washington Mystics,Connecticut Sun,64,77,False,False,2012
320629003,2012-06-30,Tulsa Shock,Atlanta Dream,92,102,False,False,2012
320629019,2012-06-30,Chicago Sky,Phoenix Mercury,81,84,False,False,2012
320630009,2012-06-30,New York Liberty,Seattle Storm,77,59,False,False,2012
320701017,2012-07-01,San Antonio Silver Stars,Minnesota Lynx,93,84,False,False,2012
320701016,2012-07-01,Washington Mystics,Phoenix Mercury,90,77,False,False,2012
320701018,2012-07-01,Connecticut Sun,Seattle Storm,83,89,False,False,2012
320701019,2012-07-01,Chicago Sky,Atlanta Dream,71,69,False,False,2012
320703017,2012-07-04,San Antonio Silver Stars,Phoenix Mercury,82,81,False,False,2012
320705006,2012-07-05,Los Angeles Sparks,Minnesota Lynx,96,90,False,False,2012
320705005,2012-07-05,Indiana Fever,San Antonio Silver Stars,72,88,False,False,2012
320706016,2012-07-06,Washington Mystics,San Antonio Silver Stars,73,78,False,False,2012
320706003,2012-07-07,Tulsa Shock,Connecticut Sun,75,86,False,False,2012
320706019,2012-07-07,Chicago Sky,New York Liberty,59,64,False,False,2012
320707005,2012-07-07,Indiana Fever,Chicago Sky,88,86,False,False,2012
320707008,2012-07-08,Minnesota Lynx,Connecticut Sun,80,86,False,False,2012
320707006,2012-07-08,Los Angeles Sparks,Seattle Storm,83,59,False,False,2012
320707011,2012-07-08,Phoenix Mercury,Atlanta Dream,93,100,False,False,2012
320708003,2012-07-08,Tulsa Shock,Washington Mystics,78,62,False,False,2012
320708009,2012-07-08,New York Liberty,San Antonio Silver Stars,81,94,False,False,2012
320708006,2012-07-09,Los Angeles Sparks,Atlanta Dream,79,63,False,False,2012
320708014,2012-07-09,Seattle Storm,Phoenix Mercury,83,68,False,False,2012
320710016,2012-07-10,Washington Mystics,Connecticut Sun,70,77,False,False,2012
320710005,2012-07-10,Indiana Fever,New York Liberty,84,82,False,False,2012
320710003,2012-07-10,Tulsa Shock,Minnesota Lynx,86,107,False,False,2012
320710011,2012-07-10,Phoenix Mercury,Los Angeles Sparks,71,90,False,False,2012
320711019,2012-07-11,Chicago Sky,San Antonio Silver Stars,68,77,False,False,2012
320711014,2012-07-11,Seattle Storm,Atlanta Dream,59,70,False,False,2012
320711018,2012-07-11,Connecticut Sun,Washington Mystics,85,73,False,False,2012
320712008,2012-07-12,Minnesota Lynx,Tulsa Shock,89,74,False,False,2012
320712005,2012-07-12,Indiana Fever,Los Angeles Sparks,74,77,False,False,2012
320713009,2012-07-13,New York Liberty,Washington Mystics,53,70,False,False,2012
320713017,2012-07-14,San Antonio Silver Stars,Atlanta Dream,91,70,False,False,2012
320713019,2012-07-14,Chicago Sky,Connecticut Sun,78,80,False,False,2012
320713011,2012-07-14,Phoenix Mercury,Seattle Storm,64,83,False,False,2012
320816005,2012-08-16,Indiana Fever,Washington Mystics,84,66,False,False,2012
320816009,2012-08-16,New York Liberty,Connecticut Sun,79,66,False,False,2012
320816014,2012-08-17,Seattle Storm,Phoenix Mercury,72,58,False,False,2012
320817003,2012-08-18,Tulsa Shock,San Antonio Silver Stars,79,89,False,False,2012
320817008,2012-08-18,Minnesota Lynx,Washington Mystics,98,69,False,False,2012
320817019,2012-08-18,Chicago Sky,Atlanta Dream,76,82,False,False,2012
320818005,2012-08-18,Indiana Fever,Atlanta Dream,86,72,False,False,2012
320818018,2012-08-18,Connecticut Sun,New York Liberty,85,74,False,False,2012
320818014,2012-08-19,Seattle Storm,Los Angeles Sparks,71,82,False,False,2012
320819016,2012-08-19,Washington Mystics,Chicago Sky,75,71,False,False,2012
320819011,2012-08-19,Phoenix Mercury,San Antonio Silver Stars,47,89,False,False,2012
320819008,2012-08-19,Minnesota Lynx,Tulsa Shock,83,59,False,False,2012
320821018,2012-08-21,Connecticut Sun,Tulsa Shock,82,80,False,False,2012
320821017,2012-08-22,San Antonio Silver Stars,Washington Mystics,75,72,False,False,2012
320821019,2012-08-22,Chicago Sky,New York Liberty,67,77,False,False,2012
320821014,2012-08-22,Seattle Storm,Minnesota Lynx,73,86,False,False,2012
320821006,2012-08-22,Los Angeles Sparks,Indiana Fever,79,69,False,False,2012
320822020,2012-08-22,Atlanta Dream,Chicago Sky,82,71,False,False,2012
320823011,2012-08-24,Phoenix Mercury,New York Liberty,77,89,False,False,2012
320823014,2012-08-24,Seattle Storm,Indiana Fever,66,68,False,False,2012
320823006,2012-08-24,Los Angeles Sparks,San Antonio Silver Stars,101,77,False,False,2012
320824016,2012-08-24,Washington Mystics,Atlanta Dream,69,81,False,False,2012
320824003,2012-08-25,Tulsa Shock,Chicago Sky,81,78,False,False,2012
320825020,2012-08-25,Atlanta Dream,Minnesota Lynx,74,84,False,False,2012
320825017,2012-08-26,San Antonio Silver Stars,Tulsa Shock,91,71,False,False,2012
320825011,2012-08-26,Phoenix Mercury,Indiana Fever,72,85,False,False,2012
320825006,2012-08-26,Los Angeles Sparks,New York Liberty,87,62,False,False,2012
320826018,2012-08-26,Connecticut Sun,Chicago Sky,70,82,False,False,2012
320826014,2012-08-27,Seattle Storm,New York Liberty,84,66,False,False,2012
320828005,2012-08-28,Indiana Fever,Washington Mystics,83,68,False,False,2012
320828020,2012-08-28,Atlanta Dream,Tulsa Shock,80,84,False,False,2012
320828008,2012-08-29,Minnesota Lynx,San Antonio Silver Stars,96,84,False,False,2012
320828019,2012-08-29,Chicago Sky,Connecticut Sun,72,83,False,False,2012
320830009,2012-08-30,New York Liberty,Indiana Fever,63,76,False,False,2012
320830020,2012-08-30,Atlanta Dream,Washington Mystics,82,59,False,False,2012
320830003,2012-08-31,Tulsa Shock,Los Angeles Sparks,99,85,False,False,2012
320830017,2012-08-31,San Antonio Silver Stars,Connecticut Sun,73,84,False,False,2012
320830014,2012-08-31,Seattle Storm,Phoenix Mercury,68,75,False,False,2012
320831008,2012-09-01,Minnesota Lynx,Tulsa Shock,92,83,False,False,2012
320901009,2012-09-01,New York Liberty,Washington Mystics,79,73,False,False,2012
320901005,2012-09-01,Indiana Fever,Chicago Sky,81,64,False,False,2012
320901011,2012-09-02,Phoenix Mercury,San Antonio Silver Stars,94,90,False,False,2012
320902020,2012-09-02,Atlanta Dream,Connecticut Sun,87,80,False,False,2012
320902019,2012-09-02,Chicago Sky,Los Angeles Sparks,85,74,False,False,2012
320904016,2012-09-04,Washington Mystics,Connecticut Sun,70,77,False,False,2012
320904008,2012-09-05,Minnesota Lynx,Los Angeles Sparks,88,77,False,False,2012
320905009,2012-09-05,New York Liberty,Phoenix Mercury,87,59,False,False,2012
320905020,2012-09-05,Atlanta Dream,Indiana Fever,71,64,False,False,2012
320906014,2012-09-07,Seattle Storm,Tulsa Shock,101,74,False,False,2012
320907016,2012-09-07,Washington Mystics,Los Angeles Sparks,68,96,False,False,2012
320907018,2012-09-07,Connecticut Sun,Phoenix Mercury,82,91,False,False,2012
320907009,2012-09-07,New York Liberty,Chicago Sky,83,92,False,False,2012
320907008,2012-09-08,Minnesota Lynx,Atlanta Dream,97,93,False,False,2012
320907017,2012-09-08,San Antonio Silver Stars,Indiana Fever,78,82,False,False,2012
320908003,2012-09-09,Tulsa Shock,Seattle Storm,66,89,False,False,2012
320909017,2012-09-09,San Antonio Silver Stars,Minnesota Lynx,62,81,False,False,2012
320909020,2012-09-09,Atlanta Dream,Washington Mystics,93,68,False,False,2012
320909009,2012-09-09,New York Liberty,Los Angeles Sparks,73,71,False,False,2012
320909018,2012-09-09,Connecticut Sun,Chicago Sky,82,77,False,False,2012
320909005,2012-09-09,Indiana Fever,Phoenix Mercury,89,83,False,False,2012
320911020,2012-09-11,Atlanta Dream,Seattle Storm,77,61,False,False,2012
320911019,2012-09-12,Chicago Sky,Minnesota Lynx,83,70,False,False,2012
320912005,2012-09-12,Indiana Fever,Seattle Storm,72,48,False,False,2012
320912009,2012-09-12,New York Liberty,Washington Mystics,75,62,False,False,2012
320912003,2012-09-13,Tulsa Shock,San Antonio Silver Stars,67,78,False,False,2012
320912011,2012-09-13,Phoenix Mercury,Connecticut Sun,78,100,False,False,2012
320913006,2012-09-14,Los Angeles Sparks,Chicago Sky,86,77,False,False,2012
320914005,2012-09-14,Indiana Fever,Minnesota Lynx,64,66,False,False,2012
320914016,2012-09-14,Washington Mystics,Atlanta Dream,74,82,False,False,2012
320914017,2012-09-15,San Antonio Silver Stars,Seattle Storm,90,66,False,False,2012
320914011,2012-09-15,Phoenix Mercury,Tulsa Shock,84,92,False,False,2012
320914006,2012-09-15,Los Angeles Sparks,Connecticut Sun,93,82,False,False,2012
320916017,2012-09-16,San Antonio Silver Stars,Tulsa Shock,70,80,False,False,2012
320916016,2012-09-16,Washington Mystics,New York Liberty,68,75,False,False,2012
320916011,2012-09-16,Phoenix Mercury,Chicago Sky,55,86,False,False,2012
320916014,2012-09-17,Seattle Storm,Connecticut Sun,58,60,False,False,2012
320917008,2012-09-18,Minnesota Lynx,Indiana Fever,86,79,False,False,2012
320918017,2012-09-19,San Antonio Silver Stars,New York Liberty,77,66,False,False,2012
320918014,2012-09-19,Seattle Storm,Chicago Sky,75,60,False,False,2012
320918006,2012-09-19,Los Angeles Sparks,Phoenix Mercury,101,76,False,False,2012
320919018,2012-09-19,Connecticut Sun,Indiana Fever,73,67,False,False,2012
320920003,2012-09-21,Tulsa Shock,New York Liberty,78,66,False,False,2012
320920019,2012-09-21,Chicago Sky,Atlanta Dream,66,75,False,False,2012
320920006,2012-09-21,Los Angeles Sparks,Minnesota Lynx,92,76,False,False,2012
320921016,2012-09-21,Washington Mystics,Indiana Fever,53,66,False,False,2012
320921011,2012-09-22,Phoenix Mercury,Minnesota Lynx,66,89,False,False,2012
320921014,2012-09-22,Seattle Storm,San Antonio Silver Stars,84,75,False,False,2012
320922009,2012-09-22,New York Liberty,Tulsa Shock,91,74,False,False,2012
320922019,2012-09-23,Chicago Sky,Washington Mystics,77,58,False,False,2012
320923011,2012-09-23,Phoenix Mercury,Seattle Storm,57,71,False,False,2012
320923017,2012-09-23,San Antonio Silver Stars,Minnesota Lynx,99,84,False,False,2012
320923005,2012-09-23,Indiana Fever,Tulsa Shock,91,58,False,False,2012
320923018,2012-09-23,Connecticut Sun,Atlanta Dream,92,72,False,False,2012
400409181,2012-09-28,Connecticut Sun,New York Liberty,65,60,True,False,2012
400407861,2012-09-28,Los Angeles Sparks,San Antonio Silver Stars,93,86,True,False,2012
400409184,2012-09-28,Indiana Fever,Atlanta Dream,66,75,True,False,2012
400407862,2012-09-29,Minnesota Lynx,Seattle Storm,78,70,True,False,2012
400407863,2012-09-29,San Antonio Silver Stars,Los Angeles Sparks,94,101,True,False,2012
400409182,2012-09-29,New York Liberty,Connecticut Sun,62,75,True,False,2012
400409185,2012-09-30,Atlanta Dream,Indiana Fever,88,103,True,False,2012
400407864,2012-10-01,Seattle Storm,Minnesota Lynx,86,79,True,False,2012
400409186,2012-10-02,Indiana Fever,Atlanta Dream,75,64,True,False,2012
400407866,2012-10-03,Minnesota Lynx,Seattle Storm,73,72,True,False,2012
400421429,2012-10-05,Minnesota Lynx,Los Angeles Sparks,94,77,True,False,2012
400421426,2012-10-06,Connecticut Sun,Indiana Fever,76,64,True,False,2012
400421430,2012-10-07,Los Angeles Sparks,Minnesota Lynx,79,80,True,False,2012
400421427,2012-10-09,Indiana Fever,Connecticut Sun,78,76,True,False,2012
400421428,2012-10-12,Connecticut Sun,Indiana Fever,71,87,True,False,2012
400425929,2012-10-15,Minnesota Lynx,Indiana Fever,70,76,True,False,2012
400425930,2012-10-18,Minnesota Lynx,Indiana Fever,83,71,True,False,2012
400425931,2012-10-20,Indiana Fever,Minnesota Lynx,76,59,True,False,2012
400425932,2012-10-22,Indiana Fever,Minnesota Lynx,87,78,True,False,2012
400445705,2013-05-25,San Antonio Silver Stars,Indiana Fever,64,79,False,False,2013
400445707,2013-05-25,Atlanta Dream,Tulsa Shock,98,81,False,False,2013
400445711,2013-05-25,Connecticut Sun,New York Liberty,81,69,False,False,2013
400445715,2013-05-27,Los Angeles Sparks,Seattle Storm,102,69,False,False,2013
400445718,2013-05-27,Tulsa Shock,Washington Mystics,90,95,False,False,2013
400445722,2013-05-27,Phoenix Mercury,Chicago Sky,80,102,False,False,2013
400445726,2013-05-31,Indiana Fever,Atlanta Dream,77,86,False,False,2013
400445728,2013-05-31,New York Liberty,Tulsa Shock,78,76,False,False,2013
400445731,2013-06-01,Chicago Sky,Connecticut Sun,86,75,False,False,2013
400445734,2013-06-02,Minnesota Lynx,Connecticut Sun,90,74,False,False,2013
400445756,2013-06-02,San Antonio Silver Stars,Los Angeles Sparks,83,78,False,False,2013
400445760,2013-06-02,Washington Mystics,Atlanta Dream,63,73,False,False,2013
400445764,2013-06-02,Chicago Sky,Tulsa Shock,92,71,False,False,2013
400445766,2013-06-03,Seattle Storm,Phoenix Mercury,75,72,False,False,2013
400445777,2013-06-05,New York Liberty,Indiana Fever,75,68,False,False,2013
400445780,2013-06-07,Minnesota Lynx,Phoenix Mercury,99,79,False,False,2013
400445783,2013-06-07,Connecticut Sun,Washington Mystics,62,66,False,False,2013
400445787,2013-06-07,Atlanta Dream,New York Liberty,75,56,False,False,2013
400445788,2013-06-08,San Antonio Silver Stars,Chicago Sky,81,69,False,False,2013
400445790,2013-06-08,Seattle Storm,Tulsa Shock,58,67,False,False,2013
400445792,2013-06-08,Indiana Fever,Phoenix Mercury,67,82,False,False,2013
400445794,2013-06-08,Washington Mystics,Minnesota Lynx,85,80,False,False,2013
400445797,2013-06-09,Los Angeles Sparks,Tulsa Shock,76,69,False,False,2013
400445807,2013-06-09,New York Liberty,Atlanta Dream,76,67,False,False,2013
400445810,2013-06-09,Chicago Sky,San Antonio Silver Stars,72,70,False,False,2013
400445815,2013-06-12,Minnesota Lynx,San Antonio Silver Stars,87,72,False,False,2013
400445818,2013-06-13,Indiana Fever,Connecticut Sun,61,73,False,False,2013
400445823,2013-06-14,Atlanta Dream,Seattle Storm,68,59,False,False,2013
400445826,2013-06-14,New York Liberty,Connecticut Sun,78,68,False,False,2013
400445831,2013-06-15,Tulsa Shock,Minnesota Lynx,74,83,False,False,2013
400445835,2013-06-15,Phoenix Mercury,Los Angeles Sparks,97,81,False,False,2013
400445841,2013-06-16,Los Angeles Sparks,San Antonio Silver Stars,84,48,False,False,2013
400445843,2013-06-16,Washington Mystics,Indiana Fever,64,60,False,False,2013
400445847,2013-06-16,Atlanta Dream,Chicago Sky,88,74,False,False,2013
400445852,2013-06-16,Tulsa Shock,Phoenix Mercury,103,108,False,False,2013
400445854,2013-06-16,Connecticut Sun,Seattle Storm,66,78,False,False,2013
400445879,2013-06-19,Seattle Storm,Washington Mystics,96,86,False,False,2013
400445882,2013-06-20,Phoenix Mercury,Minnesota Lynx,69,80,False,False,2013
400445884,2013-06-20,Tulsa Shock,Chicago Sky,83,74,False,False,2013
400445697,2013-06-22,San Antonio Silver Stars,Seattle Storm,86,91,False,False,2013
400445698,2013-06-22,Phoenix Mercury,Washington Mystics,90,82,False,False,2013
400445699,2013-06-22,Los Angeles Sparks,Minnesota Lynx,87,59,False,False,2013
400445701,2013-06-22,Indiana Fever,Chicago Sky,61,71,False,False,2013
400445703,2013-06-23,Tulsa Shock,Seattle Storm,92,70,False,False,2013
400445709,2013-06-23,Connecticut Sun,Atlanta Dream,77,78,False,False,2013
400445714,2013-06-23,New York Liberty,San Antonio Silver Stars,77,78,False,False,2013
400445717,2013-06-23,Minnesota Lynx,Tulsa Shock,88,79,False,False,2013
400445721,2013-06-24,Los Angeles Sparks,Washington Mystics,79,69,False,False,2013
400445723,2013-06-25,Atlanta Dream,Indiana Fever,76,60,False,False,2013
400445729,2013-06-26,San Antonio Silver Stars,Phoenix Mercury,77,83,False,False,2013
400445733,2013-06-26,Chicago Sky,New York Liberty,87,74,False,False,2013
400445757,2013-06-27,Washington Mystics,Phoenix Mercury,97,101,False,False,2013
400445759,2013-06-28,Indiana Fever,Tulsa Shock,80,69,False,False,2013
400445762,2013-06-28,Atlanta Dream,Washington Mystics,86,75,False,False,2013
400445767,2013-06-29,Minnesota Lynx,Los Angeles Sparks,88,64,False,False,2013
400445769,2013-06-29,Seattle Storm,New York Liberty,62,67,False,False,2013
400445771,2013-06-29,Connecticut Sun,Phoenix Mercury,70,89,False,False,2013
400445772,2013-06-30,Chicago Sky,Los Angeles Sparks,94,82,False,False,2013
400445776,2013-06-30,Atlanta Dream,San Antonio Silver Stars,93,67,False,False,2013
400445781,2013-06-30,Washington Mystics,Tulsa Shock,84,61,False,False,2013
400445784,2013-06-30,Indiana Fever,Seattle Storm,71,63,False,False,2013
400445798,2013-07-02,Connecticut Sun,Tulsa Shock,88,69,False,False,2013
400445795,2013-07-03,Chicago Sky,Seattle Storm,60,69,False,False,2013
400445801,2013-07-03,Phoenix Mercury,New York Liberty,94,87,False,False,2013
400445805,2013-07-03,Los Angeles Sparks,Minnesota Lynx,96,66,False,False,2013
400445809,2013-07-04,Los Angeles Sparks,New York Liberty,97,89,False,False,2013
400445813,2013-07-06,Los Angeles Sparks,San Antonio Silver Stars,93,66,False,False,2013
400445816,2013-07-06,Indiana Fever,Connecticut Sun,78,66,False,False,2013
400445819,2013-07-06,Washington Mystics,Seattle Storm,62,59,False,False,2013
400445824,2013-07-07,New York Liberty,Chicago Sky,64,93,False,False,2013
400445828,2013-07-07,Minnesota Lynx,Phoenix Mercury,91,59,False,False,2013
400445832,2013-07-09,New York Liberty,Seattle Storm,66,57,False,False,2013
400445836,2013-07-10,Minnesota Lynx,Atlanta Dream,94,72,False,False,2013
400445839,2013-07-10,Chicago Sky,Washington Mystics,89,85,False,False,2013
400445845,2013-07-10,Phoenix Mercury,San Antonio Silver Stars,80,88,False,False,2013
400445849,2013-07-11,Indiana Fever,Minnesota Lynx,62,69,False,False,2013
400445853,2013-07-12,Tulsa Shock,Los Angeles Sparks,78,94,False,False,2013
400445877,2013-07-12,Connecticut Sun,Chicago Sky,70,83,False,False,2013
400445881,2013-07-13,San Antonio Silver Stars,Washington Mystics,73,83,False,False,2013
400445700,2013-07-13,New York Liberty,Indiana Fever,53,74,False,False,2013
400445706,2013-07-14,Tulsa Shock,Minnesota Lynx,75,86,False,False,2013
400445710,2013-07-14,Connecticut Sun,San Antonio Silver Stars,86,84,False,False,2013
400445712,2013-07-14,Phoenix Mercury,Los Angeles Sparks,76,88,False,False,2013
400445716,2013-07-15,Seattle Storm,Atlanta Dream,73,65,False,False,2013
400445720,2013-07-16,Washington Mystics,San Antonio Silver Stars,86,64,False,False,2013
400445724,2013-07-17,Seattle Storm,Tulsa Shock,59,86,False,False,2013
400445727,2013-07-18,Los Angeles Sparks,Atlanta Dream,77,73,False,False,2013
400445732,2013-07-18,New York Liberty,Chicago Sky,55,75,False,False,2013
400445761,2013-07-19,Los Angeles Sparks,Phoenix Mercury,84,90,False,False,2013
400445765,2013-07-19,Indiana Fever,Washington Mystics,77,70,False,False,2013
400445773,2013-07-20,San Antonio Silver Stars,Minnesota Lynx,71,87,False,False,2013
400445775,2013-07-20,Tulsa Shock,Connecticut Sun,64,58,False,False,2013
400445779,2013-07-21,Chicago Sky,New York Liberty,80,69,False,False,2013
400445782,2013-07-21,San Antonio Silver Stars,Connecticut Sun,60,52,False,False,2013
400445785,2013-07-21,Seattle Storm,Los Angeles Sparks,64,65,False,False,2013
400445789,2013-07-21,Washington Mystics,Indiana Fever,52,65,False,False,2013
400445791,2013-07-21,Tulsa Shock,Atlanta Dream,90,63,False,False,2013
400445796,2013-07-21,Phoenix Mercury,Minnesota Lynx,77,82,False,False,2013
400445799,2013-07-23,Indiana Fever,New York Liberty,72,77,False,False,2013
400445802,2013-07-24,Washington Mystics,Chicago Sky,82,78,False,False,2013
400445804,2013-07-24,Minnesota Lynx,Phoenix Mercury,81,69,False,False,2013
400445806,2013-07-24,Atlanta Dream,Connecticut Sun,74,65,False,False,2013
400445811,2013-07-25,San Antonio Silver Stars,New York Liberty,65,53,False,False,2013
400445812,2013-07-25,Tulsa Shock,Indiana Fever,60,71,False,False,2013
400445817,2013-07-25,Los Angeles Sparks,Seattle Storm,66,73,False,False,2013
400445821,2013-07-31,Washington Mystics,New York Liberty,78,88,False,False,2013
400445822,2013-08-01,Connecticut Sun,Indiana Fever,70,64,False,False,2013
400445825,2013-08-02,Seattle Storm,Phoenix Mercury,88,79,False,False,2013
400445829,2013-08-03,Minnesota Lynx,San Antonio Silver Stars,85,63,False,False,2013
400445830,2013-08-03,Tulsa Shock,Los Angeles Sparks,96,89,False,False,2013
400445834,2013-08-03,Chicago Sky,Washington Mystics,85,78,False,False,2013
400445837,2013-08-03,New York Liberty,Connecticut Sun,66,88,False,False,2013
400445840,2013-08-03,Indiana Fever,Chicago Sky,79,58,False,False,2013
400445842,2013-08-04,Phoenix Mercury,Atlanta Dream,82,76,False,False,2013
400445846,2013-08-04,Washington Mystics,Los Angeles Sparks,57,75,False,False,2013
400445848,2013-08-04,San Antonio Silver Stars,Tulsa Shock,69,65,False,False,2013
400445851,2013-08-04,Minnesota Lynx,Seattle Storm,90,72,False,False,2013
400445875,2013-08-06,New York Liberty,Washington Mystics,93,88,False,False,2013
400445878,2013-08-06,Connecticut Sun,Los Angeles Sparks,72,74,False,False,2013
400445735,2013-08-07,Chicago Sky,Indiana Fever,58,64,False,False,2013
400445736,2013-08-07,San Antonio Silver Stars,Minnesota Lynx,80,93,False,False,2013
400445737,2013-08-07,Phoenix Mercury,Seattle Storm,65,80,False,False,2013
400445738,2013-08-08,Indiana Fever,Los Angeles Sparks,64,74,False,False,2013
400445739,2013-08-09,Minnesota Lynx,Washington Mystics,75,79,False,False,2013
400445740,2013-08-09,Connecticut Sun,Chicago Sky,61,77,False,False,2013
400445741,2013-08-10,Phoenix Mercury,Tulsa Shock,70,67,False,False,2013
400445742,2013-08-10,Seattle Storm,San Antonio Silver Stars,56,77,False,False,2013
400445743,2013-08-10,New York Liberty,Los Angeles Sparks,67,85,False,False,2013
400445744,2013-08-10,Indiana Fever,Atlanta Dream,80,66,False,False,2013
400445745,2013-08-11,Washington Mystics,Connecticut Sun,74,63,False,False,2013
400445746,2013-08-11,Phoenix Mercury,Tulsa Shock,77,56,False,False,2013
400445747,2013-08-11,Chicago Sky,Minnesota Lynx,94,86,False,False,2013
400445748,2013-08-11,Atlanta Dream,New York Liberty,82,88,False,False,2013
400445749,2013-08-12,Seattle Storm,San Antonio Silver Stars,69,63,False,False,2013
400445750,2013-08-14,Los Angeles Sparks,Chicago Sky,80,76,False,False,2013
400445751,2013-08-14,Connecticut Sun,Atlanta Dream,88,86,False,False,2013
400445752,2013-08-15,Phoenix Mercury,Indiana Fever,75,58,False,False,2013
400445753,2013-08-16,Seattle Storm,Chicago Sky,66,79,False,False,2013
400445754,2013-08-16,Atlanta Dream,Connecticut Sun,88,57,False,False,2013
400445855,2013-08-16,New York Liberty,Washington Mystics,57,66,False,False,2013
400445856,2013-08-17,Minnesota Lynx,Tulsa Shock,77,83,False,False,2013
400445857,2013-08-17,Los Angeles Sparks,Indiana Fever,94,72,False,False,2013
400445858,2013-08-18,San Antonio Silver Stars,Phoenix Mercury,88,82,False,False,2013
400445859,2013-08-18,Seattle Storm,Indiana Fever,77,70,False,False,2013
400445860,2013-08-18,Atlanta Dream,Washington Mystics,76,58,False,False,2013
400445861,2013-08-18,Chicago Sky,Connecticut Sun,89,78,False,False,2013
400445862,2013-08-18,Minnesota Lynx,New York Liberty,88,57,False,False,2013
400445863,2013-08-20,Atlanta Dream,Minnesota Lynx,88,75,False,False,2013
400445864,2013-08-20,Washington Mystics,Chicago Sky,73,79,False,False,2013
400445865,2013-08-21,Tulsa Shock,Phoenix Mercury,86,89,False,False,2013
400445866,2013-08-21,Seattle Storm,Los Angeles Sparks,77,57,False,False,2013
400445867,2013-08-21,Indiana Fever,San Antonio Silver Stars,80,63,False,False,2013
400445868,2013-08-22,Connecticut Sun,Minnesota Lynx,77,91,False,False,2013
400445869,2013-08-23,Washington Mystics,Atlanta Dream,74,64,False,False,2013
400445870,2013-08-24,Tulsa Shock,San Antonio Silver Stars,73,67,False,False,2013
400445871,2013-08-24,Chicago Sky,New York Liberty,82,64,False,False,2013
400445872,2013-08-24,Phoenix Mercury,Seattle Storm,73,81,False,False,2013
400445873,2013-08-24,Minnesota Lynx,Indiana Fever,84,77,False,False,2013
400445874,2013-08-24,Atlanta Dream,Chicago Sky,56,67,False,False,2013
400445702,2013-08-25,San Antonio Silver Stars,Seattle Storm,70,64,False,False,2013
400445704,2013-08-25,Connecticut Sun,New York Liberty,66,74,False,False,2013
400445708,2013-08-26,Los Angeles Sparks,Tulsa Shock,90,88,False,False,2013
400445713,2013-08-27,New York Liberty,Minnesota Lynx,47,73,False,False,2013
400445719,2013-08-28,San Antonio Silver Stars,Seattle Storm,71,72,False,False,2013
400445725,2013-08-28,Los Angeles Sparks,Connecticut Sun,91,78,False,False,2013
400445730,2013-08-28,Atlanta Dream,Washington Mystics,80,85,False,False,2013
400445755,2013-08-30,Seattle Storm,Connecticut Sun,78,65,False,False,2013
400445758,2013-08-30,New York Liberty,Indiana Fever,67,73,False,False,2013
400445763,2013-08-31,Tulsa Shock,San Antonio Silver Stars,65,74,False,False,2013
400445768,2013-09-01,Chicago Sky,Atlanta Dream,85,68,False,False,2013
400445770,2013-09-01,Minnesota Lynx,Seattle Storm,97,74,False,False,2013
400445774,2013-09-01,San Antonio Silver Stars,Los Angeles Sparks,67,80,False,False,2013
400445778,2013-09-01,Phoenix Mercury,Connecticut Sun,76,68,False,False,2013
400445786,2013-09-01,Tulsa Shock,New York Liberty,93,88,False,False,2013
400445793,2013-09-02,Atlanta Dream,Los Angeles Sparks,92,82,False,False,2013
400445800,2013-09-04,Atlanta Dream,Indiana Fever,89,80,False,False,2013
400445803,2013-09-05,Minnesota Lynx,Los Angeles Sparks,83,74,False,False,2013
400445808,2013-09-06,Connecticut Sun,Washington Mystics,77,70,False,False,2013
400445814,2013-09-06,New York Liberty,Atlanta Dream,57,70,False,False,2013
400445820,2013-09-07,Tulsa Shock,Los Angeles Sparks,70,74,False,False,2013
400445827,2013-09-07,Chicago Sky,Indiana Fever,77,82,False,False,2013
400445833,2013-09-07,Phoenix Mercury,San Antonio Silver Stars,83,80,False,False,2013
400445838,2013-09-07,Indiana Fever,Connecticut Sun,69,60,False,False,2013
400445844,2013-09-08,Seattle Storm,Minnesota Lynx,60,75,False,False,2013
400445850,2013-09-08,Atlanta Dream,Phoenix Mercury,71,79,False,False,2013
400445876,2013-09-08,Washington Mystics,Chicago Sky,79,93,False,False,2013
400445880,2013-09-08,San Antonio Silver Stars,Tulsa Shock,65,98,False,False,2013
400445883,2013-09-10,Indiana Fever,Washington Mystics,67,69,False,False,2013
400445885,2013-09-10,New York Liberty,Phoenix Mercury,76,80,False,False,2013
400445886,2013-09-11,Seattle Storm,Minnesota Lynx,60,73,False,False,2013
400445887,2013-09-11,Connecticut Sun,Atlanta Dream,78,77,False,False,2013
400445888,2013-09-12,Chicago Sky,Phoenix Mercury,70,68,False,False,2013
400445889,2013-09-13,Tulsa Shock,Seattle Storm,67,76,False,False,2013
400445890,2013-09-13,Los Angeles Sparks,Minnesota Lynx,85,84,False,False,2013
400445891,2013-09-13,Indiana Fever,New York Liberty,66,63,False,False,2013
400445892,2013-09-13,Washington Mystics,Connecticut Sun,82,56,False,False,2013
400445893,2013-09-14,Chicago Sky,Atlanta Dream,87,82,False,False,2013
400445894,2013-09-14,Phoenix Mercury,San Antonio Silver Stars,82,61,False,False,2013
400445895,2013-09-15,Minnesota Lynx,Chicago Sky,79,66,False,False,2013
400445896,2013-09-15,Seattle Storm,Tulsa Shock,85,73,False,False,2013
400445897,2013-09-15,Connecticut Sun,Indiana Fever,82,80,False,False,2013
400445900,2013-09-15,Los Angeles Sparks,Phoenix Mercury,89,55,False,False,2013
400445898,2013-09-15,Washington Mystics,New York Liberty,70,52,False,False,2013
400445899,2013-09-15,San Antonio Silver Stars,Atlanta Dream,97,68,False,False,2013
400496774,2013-09-20,Atlanta Dream,Washington Mystics,56,71,True,False,2013
400496777,2013-09-20,Los Angeles Sparks,Phoenix Mercury,75,86,True,False,2013
400496780,2013-09-20,Chicago Sky,Indiana Fever,72,85,True,False,2013
400496783,2013-09-21,Minnesota Lynx,Seattle Storm,80,64,True,False,2013
400496775,2013-09-21,Washington Mystics,Atlanta Dream,45,63,True,False,2013
400496778,2013-09-22,Phoenix Mercury,Los Angeles Sparks,73,82,True,False,2013
400496781,2013-09-22,Indiana Fever,Chicago Sky,79,57,True,False,2013
400496784,2013-09-22,Seattle Storm,Minnesota Lynx,55,58,True,False,2013
400496776,2013-09-24,Atlanta Dream,Washington Mystics,80,72,True,False,2013
400496779,2013-09-24,Los Angeles Sparks,Phoenix Mercury,77,78,True,False,2013
400499743,2013-09-26,Atlanta Dream,Indiana Fever,84,79,True,False,2013
400499746,2013-09-27,Minnesota Lynx,Phoenix Mercury,85,62,True,False,2013
400499744,2013-09-29,Indiana Fever,Atlanta Dream,53,67,True,False,2013
400499747,2013-09-29,Phoenix Mercury,Minnesota Lynx,65,72,True,False,2013
400505694,2013-10-07,Minnesota Lynx,Atlanta Dream,84,59,True,False,2013
400505695,2013-10-09,Minnesota Lynx,Atlanta Dream,88,63,True,False,2013
400505696,2013-10-11,Atlanta Dream,Minnesota Lynx,77,86,True,False,2013
400539461,2014-05-16,Connecticut Sun,New York Liberty,54,75,False,False,2014
400539462,2014-05-16,Washington Mystics,Minnesota Lynx,77,89,False,False,2014
400539463,2014-05-16,Atlanta Dream,San Antonio Stars,79,75,False,False,2014
400539464,2014-05-17,Chicago Sky,Indiana Fever,74,71,False,False,2014
400539465,2014-05-17,Seattle Storm,Los Angeles Sparks,69,80,False,False,2014
400539466,2014-05-17,Indiana Fever,Atlanta Dream,88,90,False,False,2014
400539467,2014-05-18,New York Liberty,Chicago Sky,65,79,False,False,2014
400539468,2014-05-18,San Antonio Stars,Tulsa Shock,80,76,False,False,2014
400539469,2014-05-18,Phoenix Mercury,Seattle Storm,81,64,False,False,2014
400539470,2014-05-18,Minnesota Lynx,Connecticut Sun,90,87,False,False,2014
400539471,2014-05-19,Los Angeles Sparks,Phoenix Mercury,69,74,False,False,2014
400539472,2014-05-21,Chicago Sky,Connecticut Sun,78,68,False,False,2014
400539473,2014-05-23,Connecticut Sun,Seattle Storm,71,59,False,False,2014
400539474,2014-05-23,Indiana Fever,Washington Mystics,63,79,False,False,2014
400539475,2014-05-24,Tulsa Shock,Minnesota Lynx,93,94,False,False,2014
400539476,2014-05-24,Phoenix Mercury,San Antonio Stars,74,78,False,False,2014
400539477,2014-05-24,Washington Mystics,Seattle Storm,65,73,False,False,2014
400539478,2014-05-25,Chicago Sky,Atlanta Dream,87,73,False,False,2014
400539479,2014-05-25,Minnesota Lynx,New York Liberty,87,82,False,False,2014
400539480,2014-05-25,Los Angeles Sparks,San Antonio Stars,83,62,False,False,2014
400539481,2014-05-25,Atlanta Dream,Indiana Fever,77,82,False,False,2014
400539482,2014-05-26,Chicago Sky,Minnesota Lynx,72,75,False,False,2014
400539483,2014-05-27,New York Liberty,Seattle Storm,70,64,False,False,2014
400539484,2014-05-29,San Antonio Stars,Tulsa Shock,82,79,False,False,2014
400539485,2014-05-29,Indiana Fever,Connecticut Sun,79,65,False,False,2014
400539486,2014-05-30,Washington Mystics,New York Liberty,68,60,False,False,2014
400539487,2014-05-30,Atlanta Dream,Seattle Storm,80,69,False,False,2014
400539488,2014-05-31,Minnesota Lynx,San Antonio Stars,88,72,False,False,2014
400539489,2014-05-31,Chicago Sky,Connecticut Sun,101,82,False,False,2014
400539490,2014-05-31,Phoenix Mercury,Tulsa Shock,100,78,False,False,2014
400539491,2014-05-31,Indiana Fever,New York Liberty,70,66,False,False,2014
400539492,2014-06-01,Connecticut Sun,Atlanta Dream,85,76,False,False,2014
400539493,2014-06-01,Washington Mystics,Los Angeles Sparks,92,84,False,False,2014
400539494,2014-06-01,San Antonio Stars,Minnesota Lynx,79,87,False,False,2014
400539495,2014-06-02,Seattle Storm,Tulsa Shock,62,60,False,False,2014
400539496,2014-06-03,Atlanta Dream,Los Angeles Sparks,93,85,False,False,2014
400539497,2014-06-04,Phoenix Mercury,Seattle Storm,87,72,False,False,2014
400539498,2014-06-05,Connecticut Sun,Washington Mystics,66,74,False,False,2014
400539499,2014-06-05,New York Liberty,San Antonio Stars,75,87,False,False,2014
400539500,2014-06-06,Washington Mystics,Indiana Fever,61,64,False,False,2014
400539501,2014-06-07,Tulsa Shock,Phoenix Mercury,94,78,False,False,2014
400539502,2014-06-07,Chicago Sky,Los Angeles Sparks,88,102,False,False,2014
400539503,2014-06-07,Seattle Storm,Minnesota Lynx,65,62,False,False,2014
400539504,2014-06-07,Atlanta Dream,Chicago Sky,97,59,False,False,2014
400539505,2014-06-07,Connecticut Sun,Indiana Fever,88,71,False,False,2014
400539506,2014-06-08,San Antonio Stars,Phoenix Mercury,79,91,False,False,2014
400539507,2014-06-08,New York Liberty,Washington Mystics,81,64,False,False,2014
400539508,2014-06-08,Los Angeles Sparks,Minnesota Lynx,72,85,False,False,2014
400539509,2014-06-10,Tulsa Shock,New York Liberty,72,57,False,False,2014
400539510,2014-06-10,Washington Mystics,Phoenix Mercury,66,81,False,False,2014
400539511,2014-06-11,Chicago Sky,Seattle Storm,76,80,False,False,2014
400539512,2014-06-11,Indiana Fever,Seattle Storm,76,68,False,False,2014
400539513,2014-06-12,Connecticut Sun,Phoenix Mercury,96,95,False,False,2014
400539514,2014-06-13,Washington Mystics,Chicago Sky,79,68,False,False,2014
400539515,2014-06-13,Atlanta Dream,Minnesota Lynx,85,82,False,False,2014
400539516,2014-06-13,New York Liberty,Connecticut Sun,75,83,False,False,2014
400539517,2014-06-14,San Antonio Stars,Seattle Storm,72,79,False,False,2014
400539518,2014-06-14,Tulsa Shock,Los Angeles Sparks,69,67,False,False,2014
400539519,2014-06-15,San Antonio Stars,Los Angeles Sparks,101,74,False,False,2014
400539520,2014-06-15,Minnesota Lynx,Phoenix Mercury,72,80,False,False,2014
400539521,2014-06-15,Connecticut Sun,New York Liberty,76,72,False,False,2014
400539522,2014-06-15,Washington Mystics,Atlanta Dream,67,75,False,False,2014
400539523,2014-06-15,Tulsa Shock,Seattle Storm,85,79,False,False,2014
400539524,2014-06-17,Connecticut Sun,Indiana Fever,89,67,False,False,2014
400539525,2014-06-18,Los Angeles Sparks,Minnesota Lynx,77,94,False,False,2014
400539526,2014-06-18,Atlanta Dream,Washington Mystics,83,73,False,False,2014
400539527,2014-06-18,Chicago Sky,New York Liberty,105,100,False,False,2014
400539528,2014-06-19,Phoenix Mercury,Minnesota Lynx,92,79,False,False,2014
400539529,2014-06-20,Seattle Storm,San Antonio Stars,82,87,False,False,2014
400539530,2014-06-20,Los Angeles Sparks,Tulsa Shock,87,77,False,False,2014
400539531,2014-06-20,Atlanta Dream,New York Liberty,85,64,False,False,2014
400539532,2014-06-21,Minnesota Lynx,Washington Mystics,75,65,False,False,2014
400539533,2014-06-21,Chicago Sky,Indiana Fever,75,83,False,False,2014
400539534,2014-06-21,Phoenix Mercury,Tulsa Shock,91,80,False,False,2014
400539535,2014-06-22,Chicago Sky,Tulsa Shock,99,105,False,False,2014
400539536,2014-06-22,New York Liberty,Atlanta Dream,85,78,False,False,2014
400539537,2014-06-22,Los Angeles Sparks,San Antonio Stars,69,72,False,False,2014
400539538,2014-06-22,Minnesota Lynx,Indiana Fever,83,77,False,False,2014
400539539,2014-06-23,Seattle Storm,Washington Mystics,89,86,False,False,2014
400539540,2014-06-24,San Antonio Stars,Washington Mystics,70,81,False,False,2014
400539541,2014-06-24,Los Angeles Sparks,Seattle Storm,65,57,False,False,2014
400539542,2014-06-25,Connecticut Sun,Chicago Sky,79,69,False,False,2014
400539543,2014-06-25,Indiana Fever,Tulsa Shock,102,107,False,False,2014
400539544,2014-06-27,San Antonio Stars,Atlanta Dream,79,81,False,False,2014
400539545,2014-06-27,Indiana Fever,Phoenix Mercury,76,81,False,False,2014
400539546,2014-06-27,Washington Mystics,Connecticut Sun,69,63,False,False,2014
400539547,2014-06-27,New York Liberty,Chicago Sky,69,73,False,False,2014
400539548,2014-06-28,Seattle Storm,Minnesota Lynx,81,71,False,False,2014
400539549,2014-06-28,Tulsa Shock,Los Angeles Sparks,89,92,False,False,2014
400539550,2014-06-29,New York Liberty,Connecticut Sun,67,65,False,False,2014
400539551,2014-06-29,Washington Mystics,San Antonio Stars,65,73,False,False,2014
400539552,2014-06-29,Tulsa Shock,Phoenix Mercury,77,80,False,False,2014
400539553,2014-06-29,Indiana Fever,Atlanta Dream,68,76,False,False,2014
400539554,2014-06-29,Minnesota Lynx,Seattle Storm,74,69,False,False,2014
400539555,2014-07-01,Connecticut Sun,San Antonio Stars,71,74,False,False,2014
400539556,2014-07-01,New York Liberty,Tulsa Shock,90,74,False,False,2014
400539557,2014-07-02,Atlanta Dream,Indiana Fever,70,77,False,False,2014
400539558,2014-07-02,Los Angeles Sparks,Chicago Sky,83,90,False,False,2014
400539559,2014-07-02,Washington Mystics,Indiana Fever,77,80,False,False,2014
400539560,2014-07-03,Phoenix Mercury,Chicago Sky,87,69,False,False,2014
400539561,2014-07-03,Connecticut Sun,Tulsa Shock,83,96,False,False,2014
400539562,2014-07-04,Minnesota Lynx,San Antonio Stars,91,84,False,False,2014
400539563,2014-07-04,Seattle Storm,Los Angeles Sparks,56,70,False,False,2014
400539564,2014-07-05,Indiana Fever,San Antonio Stars,70,71,False,False,2014
400539565,2014-07-05,Atlanta Dream,Washington Mystics,86,73,False,False,2014
400539566,2014-07-06,Tulsa Shock,Connecticut Sun,76,78,False,False,2014
400539567,2014-07-06,Seattle Storm,Chicago Sky,80,73,False,False,2014
400539568,2014-07-06,New York Liberty,Minnesota Lynx,87,80,False,False,2014
400539569,2014-07-06,Los Angeles Sparks,Phoenix Mercury,89,94,False,False,2014
400539570,2014-07-08,Atlanta Dream,Connecticut Sun,83,71,False,False,2014
400539571,2014-07-09,Tulsa Shock,Indiana Fever,76,78,False,False,2014
400539572,2014-07-09,Minnesota Lynx,Los Angeles Sparks,83,72,False,False,2014
400539573,2014-07-09,Chicago Sky,Washington Mystics,65,72,False,False,2014
400539574,2014-07-09,Phoenix Mercury,Seattle Storm,78,58,False,False,2014
400539575,2014-07-10,San Antonio Stars,New York Liberty,80,66,False,False,2014
400539576,2014-07-10,Indiana Fever,Connecticut Sun,72,68,False,False,2014
400539577,2014-07-11,Tulsa Shock,Minnesota Lynx,85,91,False,False,2014
400539578,2014-07-11,New York Liberty,Los Angeles Sparks,54,68,False,False,2014
400539579,2014-07-12,San Antonio Stars,Seattle Storm,67,88,False,False,2014
400539580,2014-07-12,Chicago Sky,Phoenix Mercury,66,72,False,False,2014
400539581,2014-07-12,Indiana Fever,Atlanta Dream,74,93,False,False,2014
400539582,2014-07-13,Tulsa Shock,Washington Mystics,74,91,False,False,2014
400539583,2014-07-13,Connecticut Sun,Los Angeles Sparks,64,90,False,False,2014
400539584,2014-07-13,Minnesota Lynx,Seattle Storm,77,60,False,False,2014
400539585,2014-07-13,Phoenix Mercury,San Antonio Stars,90,61,False,False,2014
400539586,2014-07-13,Atlanta Dream,Chicago Sky,81,79,False,False,2014
400539587,2014-07-15,Seattle Storm,Connecticut Sun,63,86,False,False,2014
400539588,2014-07-16,Indiana Fever,Los Angeles Sparks,78,86,False,False,2014
400539589,2014-07-16,Phoenix Mercury,Washington Mystics,90,78,False,False,2014
400539590,2014-07-16,New York Liberty,Atlanta Dream,77,75,False,False,2014
400539591,2014-07-16,Minnesota Lynx,Tulsa Shock,93,82,False,False,2014
400539592,2014-07-17,Tulsa Shock,San Antonio Stars,95,90,False,False,2014
400539593,2014-07-17,Indiana Fever,Chicago Sky,82,64,False,False,2014
400539594,2014-07-18,Phoenix Mercury,Connecticut Sun,101,85,False,False,2014
400539595,2014-07-18,Los Angeles Sparks,Washington Mystics,75,79,False,False,2014
400539596,2014-07-23,Chicago Sky,Indiana Fever,60,57,False,False,2014
400539597,2014-07-23,San Antonio Stars,Tulsa Shock,95,93,False,False,2014
400539599,2014-07-23,Minnesota Lynx,Atlanta Dream,112,108,False,False,2014
400539598,2014-07-23,Seattle Storm,Phoenix Mercury,71,89,False,False,2014
400539600,2014-07-23,Washington Mystics,Connecticut Sun,89,75,False,False,2014
400539601,2014-07-24,Los Angeles Sparks,New York Liberty,64,66,False,False,2014
400539602,2014-07-25,Seattle Storm,New York Liberty,80,84,False,False,2014
400539603,2014-07-25,Los Angeles Sparks,Phoenix Mercury,73,93,False,False,2014
400539604,2014-07-25,Washington Mystics,Tulsa Shock,82,77,False,False,2014
400539605,2014-07-25,Atlanta Dream,Chicago Sky,75,79,False,False,2014
400539606,2014-07-26,Minnesota Lynx,San Antonio Stars,88,78,False,False,2014
400539609,2014-07-26,Seattle Storm,Los Angeles Sparks,69,77,False,False,2014
400539607,2014-07-27,San Antonio Stars,Indiana Fever,68,75,False,False,2014
400539608,2014-07-27,Phoenix Mercury,New York Liberty,78,63,False,False,2014
400539610,2014-07-27,Connecticut Sun,Minnesota Lynx,65,76,False,False,2014
400539611,2014-07-27,Washington Mystics,Atlanta Dream,77,67,False,False,2014
400539612,2014-07-27,Tulsa Shock,Chicago Sky,79,69,False,False,2014
400539613,2014-07-29,Los Angeles Sparks,Indiana Fever,77,73,False,False,2014
400539614,2014-07-29,Atlanta Dream,Connecticut Sun,89,80,False,False,2014
400539615,2014-07-29,New York Liberty,Washington Mystics,80,76,False,False,2014
400539616,2014-07-30,San Antonio Stars,Chicago Sky,92,74,False,False,2014
400539617,2014-07-30,Tulsa Shock,Seattle Storm,80,74,False,False,2014
400539618,2014-07-30,Phoenix Mercury,Los Angeles Sparks,90,69,False,False,2014
400539619,2014-08-01,Chicago Sky,New York Liberty,87,74,False,False,2014
400539620,2014-08-01,Minnesota Lynx,Phoenix Mercury,75,67,False,False,2014
400539621,2014-08-01,Tulsa Shock,Atlanta Dream,75,85,False,False,2014
400539622,2014-08-01,Seattle Storm,Indiana Fever,67,76,False,False,2014
400539623,2014-08-02,San Antonio Stars,Connecticut Sun,79,89,False,False,2014
400539624,2014-08-03,Tulsa Shock,Minnesota Lynx,75,84,False,False,2014
400539625,2014-08-03,Phoenix Mercury,Indiana Fever,79,69,False,False,2014
400539626,2014-08-03,Atlanta Dream,New York Liberty,76,83,False,False,2014
400539627,2014-08-03,Los Angeles Sparks,Connecticut Sun,70,69,False,False,2014
400539628,2014-08-03,Chicago Sky,Washington Mystics,76,65,False,False,2014
400539629,2014-08-04,Seattle Storm,San Antonio Stars,71,65,False,False,2014
400539630,2014-08-05,Connecticut Sun,Chicago Sky,66,82,False,False,2014
400539631,2014-08-05,Indiana Fever,Minnesota Lynx,64,66,False,False,2014
400539632,2014-08-05,Washington Mystics,New York Liberty,79,46,False,False,2014
400539633,2014-08-06,Phoenix Mercury,Atlanta Dream,75,67,False,False,2014
400539634,2014-08-06,Los Angeles Sparks,Tulsa Shock,90,96,False,False,2014
400539635,2014-08-08,Minnesota Lynx,Chicago Sky,74,64,False,False,2014
400539636,2014-08-08,San Antonio Stars,Phoenix Mercury,73,78,False,False,2014
400539637,2014-08-08,Seattle Storm,Atlanta Dream,88,68,False,False,2014
400539638,2014-08-08,Indiana Fever,Washington Mystics,61,74,False,False,2014
400539639,2014-08-08,New York Liberty,Connecticut Sun,71,66,False,False,2014
400539640,2014-08-09,Tulsa Shock,San Antonio Stars,79,62,False,False,2014
400539641,2014-08-09,Los Angeles Sparks,Atlanta Dream,80,77,False,False,2014
400539642,2014-08-10,Phoenix Mercury,Minnesota Lynx,82,80,False,False,2014
400539644,2014-08-10,New York Liberty,Indiana Fever,76,90,False,False,2014
400539643,2014-08-10,Connecticut Sun,Washington Mystics,89,81,False,False,2014
400539645,2014-08-10,San Antonio Stars,Los Angeles Sparks,82,76,False,False,2014
400539646,2014-08-10,Chicago Sky,Atlanta Dream,80,69,False,False,2014
400539647,2014-08-11,Seattle Storm,Tulsa Shock,74,68,False,False,2014
400539648,2014-08-12,New York Liberty,Phoenix Mercury,64,76,False,False,2014
400539649,2014-08-13,Minnesota Lynx,Los Angeles Sparks,63,71,False,False,2014
400539650,2014-08-13,Washington Mystics,Chicago Sky,69,72,False,False,2014
400539651,2014-08-13,Atlanta Dream,Phoenix Mercury,96,82,False,False,2014
400539652,2014-08-14,Indiana Fever,New York Liberty,76,63,False,False,2014
400539653,2014-08-15,Connecticut Sun,Washington Mystics,67,71,False,False,2014
400539654,2014-08-15,Atlanta Dream,Tulsa Shock,92,76,False,False,2014
400539655,2014-08-16,San Antonio Stars,Minnesota Lynx,92,76,False,False,2014
400539656,2014-08-16,Los Angeles Sparks,Seattle Storm,77,65,False,False,2014
400539657,2014-08-16,Indiana Fever,Chicago Sky,71,67,False,False,2014
400539658,2014-08-16,Washington Mystics,New York Liberty,61,73,False,False,2014
400544875,2014-08-17,Minnesota Lynx,Tulsa Shock,80,63,False,False,2014
400539659,2014-08-17,Phoenix Mercury,Los Angeles Sparks,76,69,False,False,2014
400539660,2014-08-17,Connecticut Sun,Atlanta Dream,84,55,False,False,2014
400539661,2014-08-17,Chicago Sky,San Antonio Stars,72,84,False,False,2014
400539662,2014-08-17,New York Liberty,Indiana Fever,73,61,False,False,2014
400539664,2014-08-18,Seattle Storm,Phoenix Mercury,65,78,False,False,2014
400580070,2014-08-21,Indiana Fever,Washington Mystics,78,73,True,False,2014
400578287,2014-08-22,Minnesota Lynx,San Antonio Stars,88,84,True,False,2014
400580067,2014-08-22,Atlanta Dream,Chicago Sky,77,80,True,False,2014
400578290,2014-08-23,Phoenix Mercury,Los Angeles Sparks,75,72,True,False,2014
400580071,2014-08-23,Washington Mystics,Indiana Fever,76,81,True,False,2014
400578288,2014-08-23,San Antonio Stars,Minnesota Lynx,89,94,True,False,2014
400580068,2014-08-24,Chicago Sky,Atlanta Dream,83,92,True,False,2014
400578291,2014-08-25,Los Angeles Sparks,Phoenix Mercury,68,93,True,False,2014
400580069,2014-08-26,Atlanta Dream,Chicago Sky,80,81,True,False,2014
400581627,2014-08-30,Phoenix Mercury,Minnesota Lynx,85,71,True,False,2014
400581821,2014-08-30,Indiana Fever,Chicago Sky,77,70,True,False,2014
400581628,2014-08-31,Minnesota Lynx,Phoenix Mercury,82,77,True,False,2014
400581822,2014-09-01,Chicago Sky,Indiana Fever,86,84,True,False,2014
400581629,2014-09-03,Phoenix Mercury,Minnesota Lynx,96,78,True,False,2014
400581823,2014-09-03,Indiana Fever,Chicago Sky,62,75,True,False,2014
400582773,2014-09-07,Phoenix Mercury,Chicago Sky,83,62,True,False,2014
400582774,2014-09-10,Phoenix Mercury,Chicago Sky,97,68,True,False,2014
400582775,2014-09-13,Chicago Sky,Phoenix Mercury,82,87,True,False,2014
400610636,2015-06-05,Connecticut Sun,Washington Mystics,68,73,False,False,2015
400610637,2015-06-05,New York Liberty,Atlanta Dream,82,73,False,False,2015
400610638,2015-06-06,Minnesota Lynx,Tulsa Shock,83,75,False,False,2015
400610639,2015-06-06,Chicago Sky,Indiana Fever,95,72,False,False,2015
400610640,2015-06-06,Phoenix Mercury,San Antonio Stars,76,71,False,False,2015
400610641,2015-06-06,Washington Mystics,New York Liberty,67,62,False,False,2015
400610642,2015-06-06,Indiana Fever,Minnesota Lynx,69,78,False,False,2015
400610643,2015-06-07,Tulsa Shock,Chicago Sky,101,93,False,False,2015
400610644,2015-06-07,Seattle Storm,Los Angeles Sparks,86,61,False,False,2015
400610645,2015-06-07,Atlanta Dream,Connecticut Sun,70,75,False,False,2015
400610646,2015-06-09,New York Liberty,Indiana Fever,86,79,False,False,2015
400610647,2015-06-10,Tulsa Shock,Seattle Storm,68,45,False,False,2015
400610648,2015-06-11,Connecticut Sun,Chicago Sky,67,65,False,False,2015
400610649,2015-06-11,New York Liberty,Phoenix Mercury,68,57,False,False,2015
400610650,2015-06-11,Atlanta Dream,San Antonio Stars,72,69,False,False,2015
400610651,2015-06-12,Minnesota Lynx,Seattle Storm,94,70,False,False,2015
400610652,2015-06-12,Washington Mystics,Atlanta Dream,61,64,False,False,2015
400610653,2015-06-12,Indiana Fever,Phoenix Mercury,77,74,False,False,2015
400610654,2015-06-14,Indiana Fever,Chicago Sky,72,98,False,False,2015
400610655,2015-06-14,Connecticut Sun,Atlanta Dream,82,64,False,False,2015
400610656,2015-06-14,Phoenix Mercury,Minnesota Lynx,81,66,False,False,2015
400610657,2015-06-14,San Antonio Stars,Tulsa Shock,62,73,False,False,2015
400610658,2015-06-14,Los Angeles Sparks,Seattle Storm,54,60,False,False,2015
400610659,2015-06-14,New York Liberty,Washington Mystics,59,74,False,False,2015
400610660,2015-06-16,Atlanta Dream,Indiana Fever,79,90,False,False,2015
400610661,2015-06-16,Tulsa Shock,San Antonio Stars,88,61,False,False,2015
400610662,2015-06-17,Seattle Storm,Connecticut Sun,58,79,False,False,2015
400610663,2015-06-17,Los Angeles Sparks,Minnesota Lynx,52,67,False,False,2015
400610664,2015-06-19,Washington Mystics,Tulsa Shock,82,86,False,False,2015
400610665,2015-06-19,New York Liberty,Indiana Fever,63,80,False,False,2015
400610666,2015-06-19,Atlanta Dream,Chicago Sky,74,73,False,False,2015
400610667,2015-06-20,San Antonio Stars,Minnesota Lynx,59,74,False,False,2015
400610668,2015-06-20,Phoenix Mercury,Connecticut Sun,78,90,False,False,2015
400610669,2015-06-20,Indiana Fever,Washington Mystics,75,87,False,False,2015
400610670,2015-06-21,San Antonio Stars,Chicago Sky,87,95,False,False,2015
400610671,2015-06-21,Atlanta Dream,New York Liberty,64,73,False,False,2015
400610672,2015-06-21,Los Angeles Sparks,Connecticut Sun,68,76,False,False,2015
400610673,2015-06-21,Minnesota Lynx,Tulsa Shock,78,86,False,False,2015
400610674,2015-06-22,Seattle Storm,Phoenix Mercury,72,84,False,False,2015
400610675,2015-06-24,Washington Mystics,Los Angeles Sparks,84,80,False,False,2015
400610676,2015-06-24,Chicago Sky,Atlanta Dream,100,96,False,False,2015
400610677,2015-06-26,San Antonio Stars,Phoenix Mercury,76,71,False,False,2015
400610678,2015-06-26,Seattle Storm,Minnesota Lynx,73,76,False,False,2015
400610679,2015-06-26,Connecticut Sun,Los Angeles Sparks,80,76,False,False,2015
400610680,2015-06-26,Indiana Fever,Chicago Sky,77,83,False,False,2015
400610681,2015-06-26,Atlanta Dream,Washington Mystics,72,69,False,False,2015
400610682,2015-06-27,Tulsa Shock,New York Liberty,71,62,False,False,2015
400610683,2015-06-28,Minnesota Lynx,Phoenix Mercury,71,56,False,False,2015
400610684,2015-06-28,San Antonio Stars,Seattle Storm,73,71,False,False,2015
400610685,2015-06-28,New York Liberty,Los Angeles Sparks,79,70,False,False,2015
400610686,2015-06-28,Washington Mystics,Chicago Sky,86,71,False,False,2015
400610687,2015-06-28,Tulsa Shock,Seattle Storm,93,89,False,False,2015
400610688,2015-06-30,Connecticut Sun,Indiana Fever,84,92,False,False,2015
400610689,2015-07-01,Chicago Sky,New York Liberty,81,89,False,False,2015
400610690,2015-07-01,Phoenix Mercury,San Antonio Stars,85,78,False,False,2015
400610691,2015-07-01,Seattle Storm,Tulsa Shock,74,69,False,False,2015
400610692,2015-07-02,Connecticut Sun,Chicago Sky,74,77,False,False,2015
400610693,2015-07-02,Indiana Fever,Washington Mystics,73,50,False,False,2015
400610694,2015-07-03,Phoenix Mercury,Tulsa Shock,86,55,False,False,2015
400610695,2015-07-03,Los Angeles Sparks,San Antonio Stars,86,81,False,False,2015
400610696,2015-07-04,Minnesota Lynx,Seattle Storm,82,57,False,False,2015
400610697,2015-07-04,Los Angeles Sparks,Tulsa Shock,98,95,False,False,2015
400610698,2015-07-05,Atlanta Dream,Seattle Storm,72,64,False,False,2015
400610699,2015-07-05,Los Angeles Sparks,Phoenix Mercury,91,94,False,False,2015
400610700,2015-07-08,Atlanta Dream,Tulsa Shock,75,85,False,False,2015
400610701,2015-07-08,Indiana Fever,Seattle Storm,88,65,False,False,2015
400610702,2015-07-09,San Antonio Stars,Los Angeles Sparks,70,63,False,False,2015
400610703,2015-07-09,Washington Mystics,New York Liberty,76,79,False,False,2015
400610704,2015-07-10,Indiana Fever,San Antonio Stars,83,76,False,False,2015
400610705,2015-07-11,Chicago Sky,Minnesota Lynx,90,83,False,False,2015
400610706,2015-07-11,Seattle Storm,Phoenix Mercury,79,94,False,False,2015
400610707,2015-07-12,Tulsa Shock,Los Angeles Sparks,82,67,False,False,2015
400610708,2015-07-12,Atlanta Dream,New York Liberty,84,76,False,False,2015
400610709,2015-07-12,Chicago Sky,Connecticut Sun,96,76,False,False,2015
400610710,2015-07-12,Phoenix Mercury,Seattle Storm,70,60,False,False,2015
400610711,2015-07-12,Minnesota Lynx,San Antonio Stars,66,49,False,False,2015
400610712,2015-07-14,Connecticut Sun,Minnesota Lynx,79,85,False,False,2015
400610713,2015-07-15,Phoenix Mercury,Atlanta Dream,80,71,False,False,2015
400610714,2015-07-15,New York Liberty,San Antonio Stars,84,68,False,False,2015
400610715,2015-07-15,Chicago Sky,Washington Mystics,85,57,False,False,2015
400610716,2015-07-15,Seattle Storm,Los Angeles Sparks,68,61,False,False,2015
400610717,2015-07-15,Indiana Fever,Tulsa Shock,83,80,False,False,2015
400610718,2015-07-16,Los Angeles Sparks,Atlanta Dream,72,76,False,False,2015
400610719,2015-07-16,New York Liberty,Connecticut Sun,64,57,False,False,2015
400610720,2015-07-17,Washington Mystics,Indiana Fever,68,50,False,False,2015
400610721,2015-07-18,Minnesota Lynx,Chicago Sky,84,66,False,False,2015
400610722,2015-07-18,San Antonio Stars,Tulsa Shock,65,58,False,False,2015
400610724,2015-07-19,Seattle Storm,Atlanta Dream,86,73,False,False,2015
400610725,2015-07-19,Phoenix Mercury,New York Liberty,73,75,False,False,2015
400610726,2015-07-19,Tulsa Shock,Minnesota Lynx,72,79,False,False,2015
400610727,2015-07-19,Chicago Sky,San Antonio Stars,93,82,False,False,2015
400610728,2015-07-19,Washington Mystics,Connecticut Sun,89,82,False,False,2015
400610729,2015-07-21,Tulsa Shock,Washington Mystics,69,76,False,False,2015
400610730,2015-07-21,San Antonio Stars,Indiana Fever,80,62,False,False,2015
400610731,2015-07-22,Chicago Sky,Atlanta Dream,97,92,False,False,2015
400610733,2015-07-22,Seattle Storm,New York Liberty,77,81,False,False,2015
400610732,2015-07-22,Los Angeles Sparks,Phoenix Mercury,70,65,False,False,2015
400610734,2015-07-22,Minnesota Lynx,Connecticut Sun,77,78,False,False,2015
400610735,2015-07-23,Los Angeles Sparks,New York Liberty,53,59,False,False,2015
400821141,2015-07-28,Connecticut Sun,Indiana Fever,73,75,False,False,2015
400610736,2015-07-29,Phoenix Mercury,Chicago Sky,89,87,False,False,2015
400610737,2015-07-29,Washington Mystics,Seattle Storm,87,74,False,False,2015
400610738,2015-07-29,Indiana Fever,New York Liberty,84,72,False,False,2015
400610739,2015-07-30,Minnesota Lynx,Los Angeles Sparks,82,76,False,False,2015
400610740,2015-07-30,San Antonio Stars,Atlanta Dream,102,85,False,False,2015
400610741,2015-07-31,Tulsa Shock,Phoenix Mercury,66,78,False,False,2015
400610742,2015-07-31,Connecticut Sun,Seattle Storm,67,66,False,False,2015
400610743,2015-08-01,Minnesota Lynx,Atlanta Dream,86,70,False,False,2015
400610744,2015-08-01,San Antonio Stars,Washington Mystics,53,88,False,False,2015
400610745,2015-08-01,Chicago Sky,Los Angeles Sparks,77,88,False,False,2015
400610746,2015-08-02,Tulsa Shock,Minnesota Lynx,80,86,False,False,2015
400610747,2015-08-02,New York Liberty,Seattle Storm,78,62,False,False,2015
400610748,2015-08-02,Atlanta Dream,Phoenix Mercury,68,71,False,False,2015
400610749,2015-08-02,San Antonio Stars,Los Angeles Sparks,78,80,False,False,2015
400610750,2015-08-02,Indiana Fever,Connecticut Sun,83,70,False,False,2015
400610751,2015-08-02,Chicago Sky,Washington Mystics,71,68,False,False,2015
400610752,2015-08-04,Connecticut Sun,San Antonio Stars,82,51,False,False,2015
400610753,2015-08-05,Chicago Sky,Indiana Fever,106,82,False,False,2015
400610754,2015-08-05,Phoenix Mercury,Tulsa Shock,87,84,False,False,2015
400610755,2015-08-05,Los Angeles Sparks,Minnesota Lynx,83,61,False,False,2015
400610756,2015-08-05,Washington Mystics,San Antonio Stars,66,63,False,False,2015
400610757,2015-08-07,Los Angeles Sparks,Tulsa Shock,84,57,False,False,2015
400610758,2015-08-07,Connecticut Sun,Washington Mystics,86,72,False,False,2015
400610759,2015-08-07,Indiana Fever,Atlanta Dream,106,77,False,False,2015
400610760,2015-08-08,Chicago Sky,New York Liberty,63,77,False,False,2015
400610761,2015-08-08,Phoenix Mercury,Minnesota Lynx,73,66,False,False,2015
400610762,2015-08-09,San Antonio Stars,Seattle Storm,88,81,False,False,2015
400610763,2015-08-09,Chicago Sky,Phoenix Mercury,74,64,False,False,2015
400610764,2015-08-09,Washington Mystics,Connecticut Sun,84,73,False,False,2015
400610765,2015-08-09,Tulsa Shock,Atlanta Dream,90,98,False,False,2015
400610766,2015-08-09,Minnesota Lynx,Los Angeles Sparks,72,64,False,False,2015
400610767,2015-08-11,New York Liberty,Chicago Sky,84,63,False,False,2015
400610768,2015-08-11,Washington Mystics,Indiana Fever,62,73,False,False,2015
400610769,2015-08-12,Minnesota Lynx,San Antonio Stars,83,76,False,False,2015
400610770,2015-08-12,Los Angeles Sparks,Seattle Storm,77,85,False,False,2015
400610771,2015-08-12,Connecticut Sun,Tulsa Shock,80,74,False,False,2015
400610772,2015-08-13,Phoenix Mercury,Seattle Storm,83,66,False,False,2015
400610773,2015-08-14,Connecticut Sun,New York Liberty,78,90,False,False,2015
400610774,2015-08-14,Atlanta Dream,Minnesota Lynx,82,84,False,False,2015
400610775,2015-08-15,Seattle Storm,Chicago Sky,84,94,False,False,2015
400610776,2015-08-15,New York Liberty,Tulsa Shock,76,81,False,False,2015
400610777,2015-08-16,Atlanta Dream,Connecticut Sun,90,77,False,False,2015
400610778,2015-08-16,Washington Mystics,Minnesota Lynx,77,69,False,False,2015
400610779,2015-08-16,Los Angeles Sparks,Chicago Sky,76,64,False,False,2015
400610780,2015-08-17,Phoenix Mercury,Indiana Fever,63,75,False,False,2015
400610781,2015-08-17,Seattle Storm,San Antonio Stars,72,63,False,False,2015
400610782,2015-08-19,Tulsa Shock,Phoenix Mercury,74,59,False,False,2015
400610783,2015-08-19,Los Angeles Sparks,Indiana Fever,68,79,False,False,2015
400610784,2015-08-20,Minnesota Lynx,Washington Mystics,61,79,False,False,2015
400610785,2015-08-20,San Antonio Stars,New York Liberty,45,73,False,False,2015
400610786,2015-08-21,New York Liberty,Atlanta Dream,78,67,False,False,2015
400610787,2015-08-22,Tulsa Shock,Connecticut Sun,84,76,False,False,2015
400610788,2015-08-22,San Antonio Stars,Minnesota Lynx,61,78,False,False,2015
400610789,2015-08-22,Chicago Sky,Washington Mystics,87,85,False,False,2015
400610790,2015-08-22,Phoenix Mercury,Los Angeles Sparks,68,78,False,False,2015
400610791,2015-08-22,Seattle Storm,Indiana Fever,63,75,False,False,2015
400610792,2015-08-23,Washington Mystics,Chicago Sky,64,66,False,False,2015
400610793,2015-08-23,San Antonio Stars,Los Angeles Sparks,59,90,False,False,2015
400610794,2015-08-23,Connecticut Sun,Atlanta Dream,92,102,False,False,2015
400610795,2015-08-23,Indiana Fever,New York Liberty,80,79,False,False,2015
400610796,2015-08-23,Phoenix Mercury,Minnesota Lynx,79,67,False,False,2015
400610797,2015-08-25,Atlanta Dream,Connecticut Sun,71,57,False,False,2015
400610798,2015-08-26,Indiana Fever,Los Angeles Sparks,79,81,False,False,2015
400610799,2015-08-27,Connecticut Sun,Phoenix Mercury,80,81,False,False,2015
400610800,2015-08-28,Washington Mystics,Phoenix Mercury,71,63,False,False,2015
400610801,2015-08-28,Indiana Fever,Atlanta Dream,84,90,False,False,2015
400610802,2015-08-28,New York Liberty,Minnesota Lynx,81,68,False,False,2015
400610803,2015-08-29,Tulsa Shock,Los Angeles Sparks,76,66,False,False,2015
400610804,2015-08-29,Seattle Storm,San Antonio Stars,83,69,False,False,2015
400610805,2015-08-29,Connecticut Sun,New York Liberty,66,80,False,False,2015
400610806,2015-08-29,Atlanta Dream,Chicago Sky,96,98,False,False,2015
400610807,2015-08-30,Tulsa Shock,Indiana Fever,76,70,False,False,2015
400610808,2015-08-30,Los Angeles Sparks,San Antonio Stars,60,52,False,False,2015
400610809,2015-08-30,Chicago Sky,Connecticut Sun,68,72,False,False,2015
400610810,2015-08-30,Minnesota Lynx,Phoenix Mercury,71,61,False,False,2015
400610811,2015-08-31,Seattle Storm,Washington Mystics,69,59,False,False,2015
400610812,2015-09-01,New York Liberty,Atlanta Dream,80,75,False,False,2015
400610813,2015-09-01,Indiana Fever,Connecticut Sun,81,51,False,False,2015
400610814,2015-09-02,Phoenix Mercury,Washington Mystics,73,53,False,False,2015
400610815,2015-09-03,New York Liberty,Chicago Sky,60,82,False,False,2015
400610816,2015-09-04,Seattle Storm,Tulsa Shock,67,85,False,False,2015
400610817,2015-09-04,Los Angeles Sparks,Washington Mystics,93,91,False,False,2015
400610818,2015-09-05,Minnesota Lynx,Indiana Fever,81,65,False,False,2015
400610819,2015-09-05,San Antonio Stars,Connecticut Sun,72,73,False,False,2015
400610820,2015-09-06,San Antonio Stars,Phoenix Mercury,52,82,False,False,2015
400610821,2015-09-06,Atlanta Dream,Washington Mystics,73,67,False,False,2015
400610822,2015-09-06,Los Angeles Sparks,Tulsa Shock,92,73,False,False,2015
400610823,2015-09-06,Chicago Sky,Seattle Storm,93,65,False,False,2015
400610824,2015-09-06,Minnesota Lynx,New York Liberty,71,75,False,False,2015
400610825,2015-09-08,Washington Mystics,Indiana Fever,76,72,False,False,2015
400610826,2015-09-09,Minnesota Lynx,Seattle Storm,73,67,False,False,2015
400610827,2015-09-09,Tulsa Shock,San Antonio Stars,74,64,False,False,2015
400610828,2015-09-09,New York Liberty,Connecticut Sun,74,64,False,False,2015
400610829,2015-09-09,Atlanta Dream,Los Angeles Sparks,90,60,False,False,2015
400610830,2015-09-11,New York Liberty,Washington Mystics,55,82,False,False,2015
400610831,2015-09-11,Atlanta Dream,Indiana Fever,67,75,False,False,2015
400610832,2015-09-12,Chicago Sky,Tulsa Shock,92,71,False,False,2015
400610833,2015-09-12,Phoenix Mercury,Los Angeles Sparks,70,65,False,False,2015
400610834,2015-09-12,Seattle Storm,Minnesota Lynx,78,64,False,False,2015
400610835,2015-09-13,Connecticut Sun,Chicago Sky,86,75,False,False,2015
400610836,2015-09-13,Washington Mystics,Atlanta Dream,71,73,False,False,2015
400610837,2015-09-13,Tulsa Shock,Phoenix Mercury,91,87,False,False,2015
400610838,2015-09-13,Indiana Fever,New York Liberty,81,76,False,False,2015
400610839,2015-09-14,Seattle Storm,San Antonio Stars,58,59,False,False,2015
400839633,2015-09-18,Chicago Sky,Indiana Fever,77,72,True,False,2015
400839118,2015-09-18,Phoenix Mercury,Tulsa Shock,88,55,True,False,2015
400839630,2015-09-18,New York Liberty,Washington Mystics,83,86,True,False,2015
400838810,2015-09-19,Minnesota Lynx,Los Angeles Sparks,67,65,True,False,2015
400839634,2015-09-19,Indiana Fever,Chicago Sky,89,82,True,False,2015
400839119,2015-09-20,Tulsa Shock,Phoenix Mercury,67,91,True,False,2015
400839631,2015-09-20,Washington Mystics,New York Liberty,68,86,True,False,2015
400838811,2015-09-20,Los Angeles Sparks,Minnesota Lynx,81,71,True,False,2015
400839635,2015-09-22,Chicago Sky,Indiana Fever,89,100,True,False,2015
400839632,2015-09-22,New York Liberty,Washington Mystics,79,74,True,False,2015
400838812,2015-09-23,Minnesota Lynx,Los Angeles Sparks,91,80,True,False,2015
400844305,2015-09-23,New York Liberty,Indiana Fever,84,67,True,False,2015
400844348,2015-09-25,Minnesota Lynx,Phoenix Mercury,67,60,True,False,2015
400844306,2015-09-27,Indiana Fever,New York Liberty,70,64,True,False,2015
400844349,2015-09-27,Phoenix Mercury,Minnesota Lynx,71,72,True,False,2015
400844307,2015-09-29,New York Liberty,Indiana Fever,51,66,True,False,2015
400847195,2015-10-04,Minnesota Lynx,Indiana Fever,69,75,True,False,2015
400847196,2015-10-07,Minnesota Lynx,Indiana Fever,77,71,True,False,2015
400847197,2015-10-10,Indiana Fever,Minnesota Lynx,77,80,True,False,2015
400847198,2015-10-12,Indiana Fever,Minnesota Lynx,75,69,True,False,2015
400847199,2015-10-15,Minnesota Lynx,Indiana Fever,69,52,True,False,2015
400864357,2016-05-14,Indiana Fever,Dallas Wings,79,90,False,False,2016
400864359,2016-05-14,Washington Mystics,New York Liberty,76,87,False,False,2016
400864361,2016-05-14,Minnesota Lynx,Phoenix Mercury,95,76,False,False,2016
400864370,2016-05-15,Chicago Sky,Connecticut Sun,93,70,False,False,2016
400864373,2016-05-15,San Antonio Stars,Atlanta Dream,63,73,False,False,2016
400864378,2016-05-15,Los Angeles Sparks,Seattle Storm,96,66,False,False,2016
400864381,2016-05-15,New York Liberty,Dallas Wings,79,71,False,False,2016
400864384,2016-05-18,Chicago Sky,Minnesota Lynx,80,97,False,False,2016
400864387,2016-05-18,Washington Mystics,Dallas Wings,77,87,False,False,2016
400864389,2016-05-18,Indiana Fever,Phoenix Mercury,97,93,False,False,2016
400864393,2016-05-19,San Antonio Stars,Connecticut Sun,68,72,False,False,2016
400864397,2016-05-20,Washington Mystics,Los Angeles Sparks,67,97,False,False,2016
400864400,2016-05-20,Indiana Fever,Atlanta Dream,94,85,False,False,2016
400864403,2016-05-21,Phoenix Mercury,Seattle Storm,80,81,False,False,2016
400864405,2016-05-21,New York Liberty,Los Angeles Sparks,72,79,False,False,2016
400864429,2016-05-21,Connecticut Sun,Washington Mystics,76,84,False,False,2016
400864432,2016-05-22,Dallas Wings,San Antonio Stars,82,77,False,False,2016
400864437,2016-05-22,Atlanta Dream,Chicago Sky,87,81,False,False,2016
400864439,2016-05-22,Seattle Storm,Minnesota Lynx,71,78,False,False,2016
400864442,2016-05-24,New York Liberty,Atlanta Dream,79,85,False,False,2016
400864444,2016-05-24,Chicago Sky,Los Angeles Sparks,80,93,False,False,2016
400864447,2016-05-26,Phoenix Mercury,Minnesota Lynx,78,85,False,False,2016
400864450,2016-05-26,Connecticut Sun,Los Angeles Sparks,72,77,False,False,2016
400864452,2016-05-27,Seattle Storm,Washington Mystics,82,84,False,False,2016
400864455,2016-05-28,Minnesota Lynx,Indiana Fever,74,71,False,False,2016
400864458,2016-05-28,San Antonio Stars,Chicago Sky,79,78,False,False,2016
400864459,2016-05-28,Dallas Wings,Atlanta Dream,93,102,False,False,2016
400864463,2016-05-29,Seattle Storm,Connecticut Sun,93,81,False,False,2016
400864465,2016-05-29,Atlanta Dream,Indiana Fever,85,76,False,False,2016
400864466,2016-05-29,Dallas Wings,Chicago Sky,87,92,False,False,2016
400864469,2016-05-29,Phoenix Mercury,Washington Mystics,93,77,False,False,2016
400864472,2016-06-01,New York Liberty,Minnesota Lynx,69,79,False,False,2016
400864474,2016-06-01,Phoenix Mercury,Connecticut Sun,99,90,False,False,2016
400864362,2016-06-01,Washington Mystics,Chicago Sky,78,86,False,False,2016
400864374,2016-06-01,Indiana Fever,Seattle Storm,85,75,False,False,2016
400864382,2016-06-03,Los Angeles Sparks,San Antonio Stars,68,61,False,False,2016
400864388,2016-06-03,Connecticut Sun,Atlanta Dream,77,83,False,False,2016
400864390,2016-06-03,New York Liberty,Indiana Fever,91,59,False,False,2016
400864396,2016-06-04,Chicago Sky,Washington Mystics,98,72,False,False,2016
400864401,2016-06-04,Seattle Storm,Phoenix Mercury,95,81,False,False,2016
400864406,2016-06-05,Minnesota Lynx,Dallas Wings,80,63,False,False,2016
400864430,2016-06-05,San Antonio Stars,Los Angeles Sparks,61,74,False,False,2016
400864441,2016-06-05,Connecticut Sun,Indiana Fever,77,88,False,False,2016
400864445,2016-06-05,Atlanta Dream,Washington Mystics,79,86,False,False,2016
400864448,2016-06-05,Seattle Storm,New York Liberty,78,86,False,False,2016
400864453,2016-06-08,Minnesota Lynx,Phoenix Mercury,89,81,False,False,2016
400864461,2016-06-08,Los Angeles Sparks,New York Liberty,100,77,False,False,2016
400864464,2016-06-09,Dallas Wings,Washington Mystics,79,87,False,False,2016
400864467,2016-06-10,Phoenix Mercury,San Antonio Stars,90,75,False,False,2016
400864471,2016-06-10,Connecticut Sun,Seattle Storm,77,76,False,False,2016
400864475,2016-06-10,Indiana Fever,Chicago Sky,64,73,False,False,2016
400864477,2016-06-10,Atlanta Dream,Minnesota Lynx,78,110,False,False,2016
400864479,2016-06-11,Washington Mystics,Minnesota Lynx,76,83,False,False,2016
400864482,2016-06-12,San Antonio Stars,New York Liberty,75,90,False,False,2016
400864484,2016-06-12,Dallas Wings,Los Angeles Sparks,73,97,False,False,2016
400864487,2016-06-12,Atlanta Dream,Connecticut Sun,93,87,False,False,2016
400864489,2016-06-12,Phoenix Mercury,Chicago Sky,86,80,False,False,2016
400864494,2016-06-12,Indiana Fever,Seattle Storm,88,90,False,False,2016
400864496,2016-06-14,Connecticut Sun,Washington Mystics,106,109,False,False,2016
400864497,2016-06-14,New York Liberty,Dallas Wings,91,88,False,False,2016
400864498,2016-06-15,Minnesota Lynx,Indiana Fever,87,63,False,False,2016
400864499,2016-06-15,San Antonio Stars,Seattle Storm,77,70,False,False,2016
400864500,2016-06-15,Los Angeles Sparks,Chicago Sky,98,85,False,False,2016
400864501,2016-06-16,Connecticut Sun,New York Liberty,72,80,False,False,2016
400864502,2016-06-17,Dallas Wings,Seattle Storm,88,79,False,False,2016
400864503,2016-06-17,Atlanta Dream,Chicago Sky,101,97,False,False,2016
400864504,2016-06-18,San Antonio Stars,Indiana Fever,75,84,False,False,2016
400864505,2016-06-18,Los Angeles Sparks,Phoenix Mercury,77,71,False,False,2016
400864506,2016-06-18,Washington Mystics,Atlanta Dream,95,65,False,False,2016
400864507,2016-06-19,Phoenix Mercury,Dallas Wings,111,117,False,False,2016
400864528,2016-06-19,Connecticut Sun,San Antonio Stars,93,90,False,False,2016
400864529,2016-06-19,Indiana Fever,New York Liberty,75,78,False,False,2016
400864530,2016-06-19,Seattle Storm,Minnesota Lynx,84,96,False,False,2016
400864531,2016-06-21,Los Angeles Sparks,Minnesota Lynx,69,72,False,False,2016
400864532,2016-06-22,Chicago Sky,San Antonio Stars,81,75,False,False,2016
400864533,2016-06-22,Dallas Wings,Phoenix Mercury,100,90,False,False,2016
400864534,2016-06-22,Atlanta Dream,New York Liberty,79,90,False,False,2016
400864536,2016-06-22,Washington Mystics,Indiana Fever,76,62,False,False,2016
400864537,2016-06-24,Dallas Wings,San Antonio Stars,97,90,False,False,2016
400864538,2016-06-24,Washington Mystics,Phoenix Mercury,79,91,False,False,2016
400864539,2016-06-24,New York Liberty,Chicago Sky,80,79,False,False,2016
400864540,2016-06-25,Minnesota Lynx,Los Angeles Sparks,76,94,False,False,2016
400864541,2016-06-25,Seattle Storm,Connecticut Sun,98,81,False,False,2016
400864542,2016-06-26,San Antonio Stars,Atlanta Dream,73,69,False,False,2016
400864543,2016-06-26,Dallas Wings,Indiana Fever,87,92,False,False,2016
400864544,2016-06-26,New York Liberty,Phoenix Mercury,97,104,False,False,2016
400864545,2016-06-26,Washington Mystics,Minnesota Lynx,87,63,False,False,2016
400864546,2016-06-26,Los Angeles Sparks,Connecticut Sun,80,73,False,False,2016
400864547,2016-06-29,Seattle Storm,Atlanta Dream,84,81,False,False,2016
400864548,2016-06-29,Los Angeles Sparks,Dallas Wings,89,84,False,False,2016
400864549,2016-06-29,Washington Mystics,San Antonio Stars,84,67,False,False,2016
400864550,2016-06-29,Chicago Sky,Indiana Fever,83,95,False,False,2016
400864551,2016-06-30,Minnesota Lynx,New York Liberty,92,95,False,False,2016
400864552,2016-06-30,Phoenix Mercury,Connecticut Sun,86,75,False,False,2016
400864553,2016-06-30,Los Angeles Sparks,Atlanta Dream,84,75,False,False,2016
400864554,2016-07-01,Seattle Storm,Dallas Wings,78,83,False,False,2016
400864355,2016-07-01,Indiana Fever,San Antonio Stars,85,87,False,False,2016
400864356,2016-07-02,Chicago Sky,Washington Mystics,86,84,False,False,2016
400864358,2016-07-02,Phoenix Mercury,New York Liberty,88,99,False,False,2016
400864360,2016-07-03,Minnesota Lynx,San Antonio Stars,91,68,False,False,2016
400864363,2016-07-03,Dallas Wings,Connecticut Sun,83,86,False,False,2016
400864365,2016-07-03,Los Angeles Sparks,New York Liberty,77,67,False,False,2016
400864366,2016-07-03,Atlanta Dream,Phoenix Mercury,87,95,False,False,2016
400864368,2016-07-05,Atlanta Dream,Seattle Storm,77,64,False,False,2016
400864371,2016-07-06,Minnesota Lynx,Chicago Sky,87,82,False,False,2016
400864375,2016-07-06,Dallas Wings,Phoenix Mercury,77,74,False,False,2016
400864377,2016-07-06,New York Liberty,Seattle Storm,78,74,False,False,2016
400864380,2016-07-07,San Antonio Stars,Washington Mystics,77,70,False,False,2016
400864383,2016-07-07,Los Angeles Sparks,Indiana Fever,94,88,False,False,2016
400864385,2016-07-07,Connecticut Sun,Minnesota Lynx,93,89,False,False,2016
400864392,2016-07-08,Atlanta Dream,Dallas Wings,95,90,False,False,2016
400864398,2016-07-09,Chicago Sky,New York Liberty,85,88,False,False,2016
400864395,2016-07-09,San Antonio Stars,Seattle Storm,68,78,False,False,2016
400864399,2016-07-09,Phoenix Mercury,Indiana Fever,60,78,False,False,2016
400864402,2016-07-10,Minnesota Lynx,Dallas Wings,93,56,False,False,2016
400864404,2016-07-10,Connecticut Sun,Atlanta Dream,63,67,False,False,2016
400864407,2016-07-10,New York Liberty,San Antonio Stars,75,65,False,False,2016
400864431,2016-07-10,Chicago Sky,Phoenix Mercury,100,95,False,False,2016
400864434,2016-07-10,Los Angeles Sparks,Washington Mystics,93,82,False,False,2016
400864435,2016-07-10,Seattle Storm,Indiana Fever,82,93,False,False,2016
400864438,2016-07-12,San Antonio Stars,Minnesota Lynx,57,81,False,False,2016
400864443,2016-07-13,New York Liberty,Atlanta Dream,86,62,False,False,2016
400864446,2016-07-13,Indiana Fever,Connecticut Sun,64,86,False,False,2016
400864449,2016-07-13,Chicago Sky,Los Angeles Sparks,67,77,False,False,2016
400864451,2016-07-13,Phoenix Mercury,Washington Mystics,78,74,False,False,2016
400864454,2016-07-15,Connecticut Sun,Los Angeles Sparks,92,98,False,False,2016
400864456,2016-07-15,Indiana Fever,Atlanta Dream,78,72,False,False,2016
400864457,2016-07-16,Minnesota Lynx,New York Liberty,88,70,False,False,2016
400864460,2016-07-16,Chicago Sky,Dallas Wings,84,77,False,False,2016
400864462,2016-07-16,Seattle Storm,Washington Mystics,80,51,False,False,2016
400864468,2016-07-17,Phoenix Mercury,San Antonio Stars,83,64,False,False,2016
400864470,2016-07-17,New York Liberty,Connecticut Sun,83,76,False,False,2016
400864473,2016-07-17,Atlanta Dream,Los Angeles Sparks,91,74,False,False,2016
400864476,2016-07-17,Dallas Wings,Minnesota Lynx,97,98,False,False,2016
400864478,2016-07-17,Seattle Storm,Chicago Sky,88,91,False,False,2016
400864480,2016-07-20,Indiana Fever,Los Angeles Sparks,92,82,False,False,2016
400864481,2016-07-20,Phoenix Mercury,Chicago Sky,77,79,False,False,2016
400864483,2016-07-20,Washington Mystics,New York Liberty,81,88,False,False,2016
400864485,2016-07-20,Dallas Wings,Connecticut Sun,78,89,False,False,2016
400864486,2016-07-20,Minnesota Lynx,Atlanta Dream,83,65,False,False,2016
400864488,2016-07-20,Seattle Storm,San Antonio Stars,83,69,False,False,2016
400864490,2016-07-21,New York Liberty,Indiana Fever,70,82,False,False,2016
400864491,2016-07-22,Washington Mystics,Los Angeles Sparks,75,95,False,False,2016
400864492,2016-07-22,Atlanta Dream,Dallas Wings,93,88,False,True,2016
400864493,2016-07-23,Minnesota Lynx,Seattle Storm,79,72,False,False,2016
400864495,2016-07-23,Chicago Sky,Connecticut Sun,89,94,False,False,2016
400864364,2016-08-26,Connecticut Sun,Minnesota Lynx,84,80,False,False,2016
400864367,2016-08-27,San Antonio Stars,New York Liberty,77,84,False,False,2016
400864369,2016-08-27,Chicago Sky,Atlanta Dream,90,82,False,False,2016
400864372,2016-08-27,Phoenix Mercury,Dallas Wings,98,72,False,False,2016
400864376,2016-08-27,Seattle Storm,Los Angeles Sparks,79,72,False,False,2016
400864379,2016-08-27,Indiana Fever,Washington Mystics,69,92,False,False,2016
400864386,2016-08-28,Atlanta Dream,Connecticut Sun,87,73,False,False,2016
400864391,2016-08-28,Dallas Wings,Chicago Sky,85,92,False,False,2016
400864394,2016-08-28,Minnesota Lynx,Seattle Storm,92,80,False,False,2016
400864535,2016-08-28,Washington Mystics,San Antonio Stars,74,85,False,False,2016
400864428,2016-08-29,Phoenix Mercury,Los Angeles Sparks,70,66,False,False,2016
400864433,2016-08-30,Connecticut Sun,San Antonio Stars,89,62,False,False,2016
400864436,2016-08-30,Indiana Fever,Phoenix Mercury,65,79,False,False,2016
400864440,2016-09-01,Seattle Storm,Dallas Wings,78,66,False,False,2016
400864342,2016-09-01,Indiana Fever,New York Liberty,98,77,False,False,2016
400864343,2016-09-02,San Antonio Stars,Los Angeles Sparks,61,70,False,False,2016
400864344,2016-09-02,Connecticut Sun,Phoenix Mercury,87,74,False,False,2016
400864345,2016-09-03,Minnesota Lynx,Washington Mystics,75,69,False,False,2016
400864346,2016-09-03,Chicago Sky,Seattle Storm,92,88,False,False,2016
400864347,2016-09-03,Dallas Wings,Los Angeles Sparks,79,87,False,False,2016
400864408,2016-09-03,New York Liberty,Phoenix Mercury,92,70,False,False,2016
400864409,2016-09-04,Dallas Wings,Washington Mystics,83,88,False,False,2016
400864410,2016-09-04,Chicago Sky,San Antonio Stars,97,73,False,False,2016
400864411,2016-09-04,Atlanta Dream,Seattle Storm,82,91,False,False,2016
400864412,2016-09-04,Los Angeles Sparks,Indiana Fever,88,81,False,False,2016
400864413,2016-09-04,Minnesota Lynx,Connecticut Sun,93,79,False,False,2016
400864414,2016-09-06,Atlanta Dream,Phoenix Mercury,91,87,False,False,2016
400864415,2016-09-07,San Antonio Stars,Indiana Fever,69,71,False,False,2016
400864416,2016-09-07,Los Angeles Sparks,Minnesota Lynx,74,77,False,False,2016
400864417,2016-09-07,New York Liberty,Seattle Storm,78,102,False,False,2016
400864418,2016-09-07,Washington Mystics,Chicago Sky,118,81,False,False,2016
400864419,2016-09-09,Los Angeles Sparks,Atlanta Dream,81,86,False,False,2016
400864420,2016-09-09,Washington Mystics,Seattle Storm,76,81,False,False,2016
400864421,2016-09-09,Indiana Fever,Chicago Sky,95,88,False,False,2016
400864422,2016-09-09,New York Liberty,Connecticut Sun,89,82,False,False,2016
400864423,2016-09-10,San Antonio Stars,Dallas Wings,84,92,False,False,2016
400864424,2016-09-11,Connecticut Sun,Chicago Sky,86,96,False,False,2016
400864425,2016-09-11,Washington Mystics,Indiana Fever,73,80,False,False,2016
400864426,2016-09-11,Dallas Wings,New York Liberty,84,81,False,False,2016
400864427,2016-09-11,San Antonio Stars,Minnesota Lynx,76,81,False,False,2016
400864508,2016-09-11,Phoenix Mercury,Atlanta Dream,86,75,False,False,2016
400864509,2016-09-11,Seattle Storm,Los Angeles Sparks,78,60,False,False,2016
400864510,2016-09-13,Connecticut Sun,Indiana Fever,89,87,False,False,2016
400864511,2016-09-13,New York Liberty,Washington Mystics,62,75,False,False,2016
400864512,2016-09-13,Atlanta Dream,San Antonio Stars,67,71,False,False,2016
400864513,2016-09-14,Chicago Sky,Minnesota Lynx,98,97,False,False,2016
400864514,2016-09-14,Los Angeles Sparks,Phoenix Mercury,90,85,False,False,2016
400864515,2016-09-15,Atlanta Dream,Washington Mystics,94,91,False,False,2016
400864516,2016-09-16,Phoenix Mercury,Seattle Storm,86,62,False,False,2016
400864517,2016-09-16,Connecticut Sun,Dallas Wings,107,74,False,False,2016
400864518,2016-09-16,Indiana Fever,Minnesota Lynx,75,82,False,False,2016
400864519,2016-09-17,Chicago Sky,New York Liberty,92,68,False,False,2016
400864520,2016-09-17,Los Angeles Sparks,San Antonio Stars,71,65,False,False,2016
400864521,2016-09-18,Minnesota Lynx,Atlanta Dream,95,87,False,False,2016
400864522,2016-09-18,Washington Mystics,Connecticut Sun,78,87,False,False,2016
400864523,2016-09-18,Indiana Fever,Dallas Wings,83,60,False,False,2016
400864524,2016-09-18,San Antonio Stars,Phoenix Mercury,65,81,False,False,2016
400864525,2016-09-18,Seattle Storm,Chicago Sky,88,75,False,False,2016
400910430,2016-09-21,Indiana Fever,Phoenix Mercury,78,89,True,False,2016
400910431,2016-09-22,Atlanta Dream,Seattle Storm,94,85,True,False,2016
400910450,2016-09-24,New York Liberty,Phoenix Mercury,94,101,True,False,2016
400910451,2016-09-25,Chicago Sky,Atlanta Dream,108,98,True,False,2016
400910452,2016-09-29,Minnesota Lynx,Phoenix Mercury,113,95,True,False,2016
400910457,2016-09-29,Los Angeles Sparks,Chicago Sky,95,75,True,True,2016
400910453,2016-10-01,Minnesota Lynx,Phoenix Mercury,96,86,True,False,2016
400910458,2016-10-01,Los Angeles Sparks,Chicago Sky,99,84,True,False,2016
400910459,2016-10-02,Chicago Sky,Los Angeles Sparks,70,66,True,False,2016
400910454,2016-10-02,Phoenix Mercury,Minnesota Lynx,67,82,True,False,2016
400910460,2016-10-05,Chicago Sky,Los Angeles Sparks,75,95,True,False,2016
400920400,2016-10-09,Minnesota Lynx,Los Angeles Sparks,76,78,True,False,2016
400920461,2016-10-12,Minnesota Lynx,Los Angeles Sparks,79,60,True,False,2016
400920462,2016-10-15,Los Angeles Sparks,Minnesota Lynx,92,75,True,False,2016
400920463,2016-10-17,Los Angeles Sparks,Minnesota Lynx,79,85,True,False,2016
400920464,2016-10-21,Minnesota Lynx,Los Angeles Sparks,76,77,True,False,2016
400927392,2017-05-13,New York Liberty,San Antonio Stars,73,64,False,False,2017
400927393,2017-05-13,Los Angeles Sparks,Seattle Storm,78,68,False,False,2017
400927394,2017-05-13,Connecticut Sun,Atlanta Dream,74,81,False,False,2017
400927395,2017-05-14,Washington Mystics,San Antonio Stars,89,74,False,False,2017
400927396,2017-05-14,Phoenix Mercury,Dallas Wings,58,68,False,False,2017
400927397,2017-05-14,Seattle Storm,Indiana Fever,87,82,False,False,2017
400927398,2017-05-14,Minnesota Lynx,Chicago Sky,70,61,False,False,2017
400927399,2017-05-18,Phoenix Mercury,Indiana Fever,85,62,False,False,2017
400927400,2017-05-18,New York Liberty,Minnesota Lynx,71,90,False,False,2017
400927401,2017-05-20,San Antonio Stars,Phoenix Mercury,72,78,False,False,2017
400927402,2017-05-20,Chicago Sky,Atlanta Dream,83,91,False,False,2017
400927403,2017-05-20,Los Angeles Sparks,Washington Mystics,99,89,False,False,2017
400927404,2017-05-20,Indiana Fever,Connecticut Sun,81,79,False,False,2017
400927405,2017-05-21,Dallas Wings,Minnesota Lynx,87,89,False,False,2017
400927406,2017-05-21,Atlanta Dream,Chicago Sky,71,75,False,False,2017
400927407,2017-05-21,Seattle Storm,Washington Mystics,81,71,False,False,2017
400927408,2017-05-24,Minnesota Lynx,Connecticut Sun,80,78,False,False,2017
400927409,2017-05-24,Phoenix Mercury,New York Liberty,67,69,False,False,2017
400927410,2017-05-24,Chicago Sky,Washington Mystics,67,82,False,False,2017
400927411,2017-05-24,Indiana Fever,Los Angeles Sparks,93,90,False,False,2017
400927412,2017-05-25,San Antonio Stars,Dallas Wings,82,94,False,False,2017
400927413,2017-05-26,Connecticut Sun,Minnesota Lynx,68,82,False,False,2017
400927414,2017-05-26,Washington Mystics,Chicago Sky,88,79,False,False,2017
400927415,2017-05-27,Seattle Storm,New York Liberty,87,81,False,False,2017
400927416,2017-05-27,Atlanta Dream,Los Angeles Sparks,75,73,False,False,2017
400927417,2017-05-28,Phoenix Mercury,Dallas Wings,107,65,False,False,2017
400927418,2017-05-28,Chicago Sky,Connecticut Sun,79,97,False,False,2017
400927419,2017-05-28,Seattle Storm,Indiana Fever,94,70,False,False,2017
400927420,2017-05-28,Minnesota Lynx,San Antonio Stars,80,66,False,False,2017
400927421,2017-05-30,New York Liberty,Los Angeles Sparks,75,90,False,False,2017
400927422,2017-05-31,Dallas Wings,Indiana Fever,89,62,False,False,2017
400927423,2017-05-31,Washington Mystics,Connecticut Sun,78,76,False,False,2017
400927424,2017-05-31,Atlanta Dream,San Antonio Stars,77,70,False,False,2017
400927425,2017-06-02,Chicago Sky,Phoenix Mercury,91,99,False,False,2017
400927426,2017-06-02,New York Liberty,Dallas Wings,93,89,False,False,2017
400927427,2017-06-03,Indiana Fever,Dallas Wings,91,85,False,False,2017
400927428,2017-06-04,San Antonio Stars,Connecticut Sun,77,85,False,False,2017
400927429,2017-06-04,Seattle Storm,Minnesota Lynx,77,100,False,False,2017
400927430,2017-06-04,New York Liberty,Phoenix Mercury,88,72,False,False,2017
400927431,2017-06-04,Washington Mystics,Atlanta Dream,78,72,False,False,2017
400927432,2017-06-07,Dallas Wings,Washington Mystics,89,101,False,False,2017
400927433,2017-06-07,San Antonio Stars,Seattle Storm,76,85,False,False,2017
400927434,2017-06-07,Los Angeles Sparks,Chicago Sky,79,70,False,False,2017
400927435,2017-06-07,New York Liberty,Atlanta Dream,76,61,False,False,2017
400927436,2017-06-07,Indiana Fever,Phoenix Mercury,90,98,False,False,2017
400927437,2017-06-09,Washington Mystics,Minnesota Lynx,73,98,False,False,2017
400927438,2017-06-09,Indiana Fever,Seattle Storm,83,80,False,False,2017
400927439,2017-06-10,Dallas Wings,Los Angeles Sparks,96,90,False,False,2017
400927440,2017-06-10,Connecticut Sun,Atlanta Dream,104,71,False,False,2017
400927441,2017-06-11,San Antonio Stars,Chicago Sky,81,85,False,False,2017
400927442,2017-06-11,Phoenix Mercury,Los Angeles Sparks,87,89,False,False,2017
400927443,2017-06-11,New York Liberty,Seattle Storm,94,86,False,False,2017
400927444,2017-06-11,Washington Mystics,Indiana Fever,88,70,False,False,2017
400927445,2017-06-11,Dallas Wings,Minnesota Lynx,74,91,False,False,2017
400927446,2017-06-14,Seattle Storm,Atlanta Dream,86,91,False,False,2017
400927447,2017-06-14,Los Angeles Sparks,Dallas Wings,97,87,False,False,2017
400927448,2017-06-14,Connecticut Sun,New York Liberty,96,76,False,False,2017
400927449,2017-06-15,Indiana Fever,Atlanta Dream,85,74,False,False,2017
400927450,2017-06-16,Los Angeles Sparks,San Antonio Stars,80,75,False,False,2017
400927451,2017-06-17,Dallas Wings,New York Liberty,93,102,False,False,2017
400927452,2017-06-17,Phoenix Mercury,Chicago Sky,86,78,False,False,2017
400927453,2017-06-18,Minnesota Lynx,Connecticut Sun,93,98,False,False,2017
400927454,2017-06-18,Washington Mystics,Dallas Wings,83,87,False,False,2017
400927455,2017-06-18,Los Angeles Sparks,Phoenix Mercury,90,59,False,False,2017
400927456,2017-06-18,Chicago Sky,Indiana Fever,79,91,False,False,2017
400927457,2017-06-18,Seattle Storm,San Antonio Stars,75,57,False,False,2017
400927458,2017-06-21,Dallas Wings,San Antonio Stars,81,78,False,False,2017
400927459,2017-06-23,New York Liberty,Connecticut Sun,89,94,False,False,2017
400927460,2017-06-23,Atlanta Dream,Chicago Sky,78,82,False,False,2017
400927461,2017-06-24,Minnesota Lynx,Washington Mystics,93,76,False,False,2017
400927462,2017-06-24,San Antonio Stars,Dallas Wings,69,81,False,False,2017
400927463,2017-06-24,Seattle Storm,Phoenix Mercury,82,85,False,False,2017
400927464,2017-06-24,Indiana Fever,Los Angeles Sparks,73,84,False,False,2017
400927465,2017-06-25,Dallas Wings,Connecticut Sun,96,82,False,False,2017
400927466,2017-06-25,Chicago Sky,Washington Mystics,63,97,False,False,2017
400927467,2017-06-25,Minnesota Lynx,San Antonio Stars,87,78,False,False,2017
400927468,2017-06-27,Washington Mystics,Seattle Storm,100,70,False,False,2017
400927469,2017-06-27,Connecticut Sun,Los Angeles Sparks,79,87,False,False,2017
400927470,2017-06-28,Chicago Sky,Indiana Fever,75,82,False,False,2017
400927471,2017-06-29,Washington Mystics,New York Liberty,67,54,False,False,2017
400927472,2017-06-30,Connecticut Sun,Seattle Storm,96,89,False,False,2017
400927473,2017-06-30,Atlanta Dream,Los Angeles Sparks,76,85,False,False,2017
400927474,2017-07-01,San Antonio Stars,Chicago Sky,89,82,False,False,2017
400927475,2017-07-01,Phoenix Mercury,Minnesota Lynx,83,91,False,False,2017
400927476,2017-07-01,Indiana Fever,Connecticut Sun,85,91,False,False,2017
400927477,2017-07-02,Dallas Wings,Seattle Storm,69,89,False,False,2017
400927478,2017-07-02,Los Angeles Sparks,Washington Mystics,76,69,False,False,2017
400927479,2017-07-02,Atlanta Dream,New York Liberty,81,72,False,False,2017
400927480,2017-07-06,Dallas Wings,Atlanta Dream,94,84,False,False,2017
400927481,2017-07-06,San Antonio Stars,Connecticut Sun,56,89,False,False,2017
400927482,2017-07-06,Phoenix Mercury,Washington Mystics,88,80,False,False,2017
400927483,2017-07-07,Minnesota Lynx,Los Angeles Sparks,88,77,False,False,2017
400927484,2017-07-07,Seattle Storm,New York Liberty,70,79,False,False,2017
400927485,2017-07-07,Atlanta Dream,Indiana Fever,89,68,False,False,2017
400927486,2017-07-08,San Antonio Stars,Phoenix Mercury,77,92,False,False,2017
400927487,2017-07-08,Connecticut Sun,Washington Mystics,96,92,False,False,2017
400927488,2017-07-09,Chicago Sky,Minnesota Lynx,100,76,False,False,2017
400927489,2017-07-09,Seattle Storm,Los Angeles Sparks,81,69,False,False,2017
400927490,2017-07-09,Atlanta Dream,Dallas Wings,98,78,False,False,2017
400927491,2017-07-09,Phoenix Mercury,New York Liberty,81,69,False,False,2017
400927492,2017-07-12,Indiana Fever,San Antonio Stars,72,79,False,False,2017
400927493,2017-07-12,Chicago Sky,Dallas Wings,90,84,False,False,2017
400927494,2017-07-12,Seattle Storm,Connecticut Sun,79,83,False,False,2017
400927495,2017-07-13,Phoenix Mercury,Atlanta Dream,89,84,False,False,2017
400927496,2017-07-14,Los Angeles Sparks,Connecticut Sun,87,77,False,False,2017
400927497,2017-07-14,Indiana Fever,Washington Mystics,58,72,False,False,2017
400927498,2017-07-14,New York Liberty,Chicago Sky,68,78,False,False,2017
400927499,2017-07-15,Phoenix Mercury,Minnesota Lynx,71,88,False,False,2017
400927500,2017-07-16,Seattle Storm,Atlanta Dream,90,84,False,False,2017
400927501,2017-07-16,Connecticut Sun,San Antonio Stars,89,75,False,False,2017
400927502,2017-07-16,New York Liberty,Washington Mystics,85,55,False,False,2017
400927503,2017-07-16,Dallas Wings,Chicago Sky,112,106,False,False,2017
400927504,2017-07-16,Minnesota Lynx,Phoenix Mercury,81,66,False,False,2017
400927505,2017-07-18,Los Angeles Sparks,Indiana Fever,80,62,False,False,2017
400927506,2017-07-18,Atlanta Dream,San Antonio Stars,88,75,False,False,2017
400927507,2017-07-19,Seattle Storm,Chicago Sky,83,94,False,False,2017
400927508,2017-07-19,New York Liberty,Connecticut Sun,96,80,False,False,2017
400927509,2017-07-19,Washington Mystics,Atlanta Dream,100,96,False,False,2017
400927510,2017-07-19,Minnesota Lynx,Dallas Wings,100,74,False,False,2017
400927511,2017-07-19,Phoenix Mercury,Indiana Fever,77,84,False,False,2017
400927512,2017-07-20,Los Angeles Sparks,Chicago Sky,80,82,False,False,2017
400927513,2017-07-21,San Antonio Stars,Indiana Fever,85,61,False,False,2017
400927514,2017-07-25,San Antonio Stars,Washington Mystics,76,85,False,False,2017
400927515,2017-07-25,Connecticut Sun,Chicago Sky,93,72,False,False,2017
400927516,2017-07-25,Atlanta Dream,Phoenix Mercury,99,91,False,False,2017
400927517,2017-07-26,Minnesota Lynx,New York Liberty,76,75,False,False,2017
400927518,2017-07-26,Dallas Wings,Indiana Fever,84,82,False,False,2017
400927519,2017-07-26,Los Angeles Sparks,Seattle Storm,68,60,False,False,2017
400927521,2017-07-28,Indiana Fever,New York Liberty,84,85,False,False,2017
400927522,2017-07-28,Atlanta Dream,Minnesota Lynx,80,90,False,False,2017
400927523,2017-07-29,San Antonio Stars,Los Angeles Sparks,73,85,False,False,2017
400927524,2017-07-29,Chicago Sky,Phoenix Mercury,80,86,False,False,2017
400927525,2017-07-29,Seattle Storm,Dallas Wings,109,93,False,False,2017
400927526,2017-07-30,Connecticut Sun,Indiana Fever,89,73,False,False,2017
400927527,2017-07-30,Atlanta Dream,Washington Mystics,70,77,False,False,2017
400927528,2017-07-30,Los Angeles Sparks,Dallas Wings,95,74,False,False,2017
400927529,2017-07-30,Phoenix Mercury,San Antonio Stars,81,64,False,False,2017
400927530,2017-07-30,Chicago Sky,New York Liberty,82,86,False,False,2017
400927531,2017-07-30,Minnesota Lynx,Seattle Storm,93,82,False,False,2017
400927532,2017-08-02,San Antonio Stars,New York Liberty,93,81,False,False,2017
400927533,2017-08-04,Minnesota Lynx,Atlanta Dream,69,54,False,False,2017
400927534,2017-08-04,Connecticut Sun,Phoenix Mercury,93,92,False,False,2017
400927535,2017-08-04,Indiana Fever,Chicago Sky,70,81,False,False,2017
400927536,2017-08-05,Dallas Wings,Seattle Storm,93,80,False,False,2017
400927537,2017-08-05,San Antonio Stars,Washington Mystics,76,74,False,False,2017
400927538,2017-08-05,Los Angeles Sparks,New York Liberty,87,74,False,False,2017
400927539,2017-08-06,Chicago Sky,Atlanta Dream,91,86,False,False,2017
400927540,2017-08-06,San Antonio Stars,Seattle Storm,87,80,False,False,2017
400927541,2017-08-06,Washington Mystics,Phoenix Mercury,85,80,False,False,2017
400927542,2017-08-06,Dallas Wings,Los Angeles Sparks,85,79,False,False,2017
400927543,2017-08-06,Indiana Fever,Minnesota Lynx,84,82,False,False,2017
400927544,2017-08-08,New York Liberty,Indiana Fever,81,76,False,False,2017
400927545,2017-08-08,Connecticut Sun,Seattle Storm,84,71,False,False,2017
400927546,2017-08-08,Atlanta Dream,Minnesota Lynx,72,81,False,False,2017
400927547,2017-08-11,Chicago Sky,San Antonio Stars,94,74,False,False,2017
400927548,2017-08-11,Dallas Wings,Phoenix Mercury,100,101,False,False,2017
400927549,2017-08-11,Atlanta Dream,New York Liberty,77,83,False,False,2017
400927550,2017-08-12,Minnesota Lynx,Los Angeles Sparks,64,70,False,False,2017
400927551,2017-08-12,Connecticut Sun,Dallas Wings,96,88,False,False,2017
400927552,2017-08-12,Washington Mystics,Indiana Fever,100,80,False,False,2017
400927553,2017-08-13,San Antonio Stars,Atlanta Dream,84,68,False,False,2017
400927554,2017-08-13,Phoenix Mercury,Seattle Storm,89,98,False,False,2017
400927555,2017-08-13,New York Liberty,Los Angeles Sparks,83,69,False,False,2017
400927556,2017-08-15,Atlanta Dream,Connecticut Sun,75,96,False,False,2017
400927557,2017-08-16,Washington Mystics,Los Angeles Sparks,62,95,False,False,2017
400927558,2017-08-17,Seattle Storm,Minnesota Lynx,62,61,False,False,2017
400927559,2017-08-18,Connecticut Sun,New York Liberty,70,82,False,False,2017
400927560,2017-08-18,Washington Mystics,Phoenix Mercury,79,89,False,False,2017
400927561,2017-08-19,Minnesota Lynx,Indiana Fever,111,52,False,False,2017
400927562,2017-08-19,Chicago Sky,Los Angeles Sparks,106,115,False,False,2017
400927563,2017-08-19,Seattle Storm,San Antonio Stars,79,78,False,False,2017
400927564,2017-08-20,Dallas Wings,Atlanta Dream,90,86,False,False,2017
400927565,2017-08-20,Connecticut Sun,Phoenix Mercury,94,66,False,False,2017
400927566,2017-08-20,New York Liberty,Minnesota Lynx,70,61,False,False,2017
400927567,2017-08-20,Indiana Fever,Washington Mystics,82,87,False,False,2017
400927568,2017-08-20,Chicago Sky,Seattle Storm,66,103,False,False,2017
400927569,2017-08-23,Minnesota Lynx,Phoenix Mercury,105,69,False,False,2017
400927570,2017-08-23,Los Angeles Sparks,San Antonio Stars,75,55,False,False,2017
400927571,2017-08-23,Connecticut Sun,Dallas Wings,93,87,False,False,2017
400927572,2017-08-23,Atlanta Dream,Seattle Storm,89,83,False,False,2017
400927573,2017-08-23,Indiana Fever,New York Liberty,50,71,False,False,2017
400927574,2017-08-25,Phoenix Mercury,Los Angeles Sparks,67,82,False,False,2017
400927575,2017-08-25,Connecticut Sun,Chicago Sky,83,96,False,False,2017
400927577,2017-08-25,San Antonio Stars,Minnesota Lynx,70,89,False,False,2017
400927576,2017-08-25,New York Liberty,Washington Mystics,74,66,False,False,2017
400927578,2017-08-26,Atlanta Dream,Indiana Fever,79,74,False,False,2017
400927579,2017-08-26,Washington Mystics,Dallas Wings,78,83,False,False,2017
400927580,2017-08-27,New York Liberty,Chicago Sky,92,62,False,False,2017
400927581,2017-08-27,Los Angeles Sparks,Minnesota Lynx,78,67,False,False,2017
400927582,2017-08-28,Seattle Storm,Phoenix Mercury,71,75,False,False,2017
400973288,2017-08-29,Washington Mystics,Connecticut Sun,76,86,False,False,2017
400927583,2017-08-30,Indiana Fever,Minnesota Lynx,69,80,False,False,2017
400927584,2017-08-31,Chicago Sky,Dallas Wings,96,99,False,False,2017
400927585,2017-09-01,Washington Mystics,Seattle Storm,110,106,False,False,2017
400927586,2017-09-01,New York Liberty,San Antonio Stars,81,69,False,False,2017
400927587,2017-09-02,Minnesota Lynx,Chicago Sky,110,87,False,False,2017
400927588,2017-09-02,Phoenix Mercury,Connecticut Sun,86,66,False,False,2017
400927589,2017-09-02,Los Angeles Sparks,Atlanta Dream,81,56,False,False,2017
400927590,2017-09-02,Indiana Fever,San Antonio Stars,71,75,False,False,2017
400927591,2017-09-03,Dallas Wings,New York Liberty,81,82,False,False,2017
400927592,2017-09-03,Los Angeles Sparks,Connecticut Sun,81,70,False,False,2017
400927593,2017-09-03,Phoenix Mercury,Atlanta Dream,84,70,False,False,2017
400927595,2017-09-03,Minnesota Lynx,Washington Mystics,86,72,False,False,2017
400927594,2017-09-03,Chicago Sky,Seattle Storm,80,85,False,False,2017
400981090,2017-09-07,Washington Mystics,Dallas Wings,86,76,True,False,2017
400981091,2017-09-07,Phoenix Mercury,Seattle Storm,79,69,True,False,2017
400981092,2017-09-10,Connecticut Sun,Phoenix Mercury,83,88,True,False,2017
400981093,2017-09-10,New York Liberty,Washington Mystics,68,82,True,False,2017
400981094,2017-09-13,Minnesota Lynx,Washington Mystics,101,81,True,False,2017
400981099,2017-09-13,Los Angeles Sparks,Phoenix Mercury,79,66,True,False,2017
400981095,2017-09-15,Minnesota Lynx,Washington Mystics,93,83,True,False,2017
400981100,2017-09-15,Los Angeles Sparks,Phoenix Mercury,86,72,True,False,2017
400981096,2017-09-17,Washington Mystics,Minnesota Lynx,70,81,True,False,2017
400981101,2017-09-17,Phoenix Mercury,Los Angeles Sparks,87,89,True,False,2017
400981428,2017-09-24,Minnesota Lynx,Los Angeles Sparks,84,85,True,False,2017
400981429,2017-09-27,Minnesota Lynx,Los Angeles Sparks,70,68,True,False,2017
400981430,2017-09-30,Los Angeles Sparks,Minnesota Lynx,75,64,True,False,2017
400981431,2017-10-02,Los Angeles Sparks,Minnesota Lynx,69,80,True,False,2017
400981432,2017-10-05,Minnesota Lynx,Los Angeles Sparks,85,76,True,False,2017
401018781,2018-05-19,Phoenix Mercury,Dallas Wings,86,78,False,False,2018
401018782,2018-05-19,Indiana Fever,Chicago Sky,64,82,False,False,2018
401018783,2018-05-20,Connecticut Sun,Las Vegas Aces,101,65,False,False,2018
401018784,2018-05-20,Washington Mystics,Indiana Fever,82,75,False,False,2018
401018785,2018-05-20,Dallas Wings,Atlanta Dream,101,78,False,False,2018
401018786,2018-05-20,Minnesota Lynx,Los Angeles Sparks,76,77,False,False,2018
401018787,2018-05-20,Chicago Sky,New York Liberty,80,76,False,False,2018
401018788,2018-05-21,Seattle Storm,Phoenix Mercury,82,87,False,False,2018
401018789,2018-05-22,Indiana Fever,Los Angeles Sparks,70,87,False,False,2018
401018790,2018-05-22,Washington Mystics,Las Vegas Aces,75,70,False,False,2018
401018791,2018-05-23,Chicago Sky,Atlanta Dream,63,81,False,False,2018
401018792,2018-05-24,Minnesota Lynx,Dallas Wings,76,68,False,False,2018
401018793,2018-05-24,Phoenix Mercury,Seattle Storm,71,87,False,False,2018
401018794,2018-05-24,Connecticut Sun,Los Angeles Sparks,102,94,False,False,2018
401018795,2018-05-24,Indiana Fever,Washington Mystics,84,93,False,False,2018
401018796,2018-05-25,New York Liberty,Minnesota Lynx,72,78,False,False,2018
401018797,2018-05-26,Seattle Storm,Chicago Sky,95,91,False,False,2018
401018798,2018-05-26,Atlanta Dream,Dallas Wings,70,78,False,False,2018
401018799,2018-05-26,Connecticut Sun,Indiana Fever,86,77,False,False,2018
401018800,2018-05-27,Washington Mystics,Minnesota Lynx,90,78,False,False,2018
401018801,2018-05-27,Los Angeles Sparks,Phoenix Mercury,80,72,False,False,2018
401018802,2018-05-28,Las Vegas Aces,Seattle Storm,98,105,False,False,2018
401018803,2018-05-29,Atlanta Dream,Minnesota Lynx,76,74,False,False,2018
401018804,2018-05-29,New York Liberty,Dallas Wings,94,89,False,False,2018
401018805,2018-05-30,Seattle Storm,Washington Mystics,81,77,False,False,2018
401018806,2018-05-31,Phoenix Mercury,Washington Mystics,95,103,False,False,2018
401018807,2018-06-01,Seattle Storm,Las Vegas Aces,101,74,False,False,2018
401018808,2018-06-02,Minnesota Lynx,Phoenix Mercury,85,95,False,False,2018
401018809,2018-06-02,Chicago Sky,Connecticut Sun,72,110,False,False,2018
401018810,2018-06-02,Las Vegas Aces,Washington Mystics,85,73,False,False,2018
401018811,2018-06-02,Indiana Fever,New York Liberty,81,87,False,False,2018
401018812,2018-06-03,Dallas Wings,Seattle Storm,94,90,False,False,2018
401018813,2018-06-03,Atlanta Dream,Phoenix Mercury,71,78,False,False,2018
401018814,2018-06-03,Washington Mystics,Connecticut Sun,64,88,False,False,2018
401018815,2018-06-03,Los Angeles Sparks,Minnesota Lynx,77,69,False,False,2018
401018816,2018-06-03,Chicago Sky,Las Vegas Aces,95,90,False,False,2018
401018817,2018-06-05,New York Liberty,Phoenix Mercury,74,80,False,False,2018
401018818,2018-06-06,Atlanta Dream,Connecticut Sun,82,77,False,False,2018
401018820,2018-06-07,Washington Mystics,Minnesota Lynx,80,88,False,False,2018
401018819,2018-06-07,New York Liberty,Connecticut Sun,86,88,False,False,2018
401018821,2018-06-08,Los Angeles Sparks,Seattle Storm,63,88,False,False,2018
401018824,2018-06-08,Las Vegas Aces,Atlanta Dream,83,87,False,False,2018
401018822,2018-06-08,Indiana Fever,Dallas Wings,83,89,False,False,2018
401018823,2018-06-09,Phoenix Mercury,Chicago Sky,96,79,False,False,2018
401018825,2018-06-09,Connecticut Sun,Minnesota Lynx,89,75,False,False,2018
401018826,2018-06-10,New York Liberty,Indiana Fever,78,75,False,False,2018
401018827,2018-06-10,Los Angeles Sparks,Chicago Sky,77,59,False,False,2018
401018828,2018-06-10,Phoenix Mercury,Las Vegas Aces,72,66,False,False,2018
401018829,2018-06-10,Seattle Storm,Atlanta Dream,64,67,False,False,2018
401018830,2018-06-12,Indiana Fever,Las Vegas Aces,92,101,False,False,2018
401018831,2018-06-13,Dallas Wings,Phoenix Mercury,72,75,False,False,2018
401018832,2018-06-13,Seattle Storm,Chicago Sky,96,85,False,False,2018
401018833,2018-06-13,Los Angeles Sparks,Atlanta Dream,72,64,False,False,2018
401018834,2018-06-13,Connecticut Sun,Washington Mystics,91,95,False,False,2018
401018835,2018-06-13,New York Liberty,Las Vegas Aces,63,78,False,False,2018
401018836,2018-06-14,Atlanta Dream,Indiana Fever,72,67,False,False,2018
401018837,2018-06-15,Washington Mystics,Los Angeles Sparks,86,97,False,False,2018
401018838,2018-06-16,Dallas Wings,Las Vegas Aces,77,67,False,False,2018
401018839,2018-06-16,Seattle Storm,Connecticut Sun,103,92,False,False,2018
401018840,2018-06-16,Indiana Fever,Atlanta Dream,96,64,False,False,2018
401018841,2018-06-17,Minnesota Lynx,New York Liberty,85,71,False,False,2018
401018842,2018-06-17,Phoenix Mercury,Connecticut Sun,89,72,False,False,2018
401018843,2018-06-17,Chicago Sky,Los Angeles Sparks,72,81,False,False,2018
401018844,2018-06-18,Las Vegas Aces,Phoenix Mercury,80,92,False,False,2018
401018845,2018-06-19,New York Liberty,Atlanta Dream,79,72,False,False,2018
401018846,2018-06-19,Washington Mystics,Chicago Sky,88,60,False,False,2018
401018847,2018-06-20,Minnesota Lynx,Dallas Wings,91,83,False,False,2018
401018848,2018-06-20,Seattle Storm,Las Vegas Aces,77,89,False,False,2018
401018849,2018-06-20,Los Angeles Sparks,Indiana Fever,74,55,False,False,2018
401018850,2018-06-22,Atlanta Dream,Connecticut Sun,75,70,False,False,2018
401018851,2018-06-23,Dallas Wings,Los Angeles Sparks,101,72,False,False,2018
401018852,2018-06-23,Chicago Sky,Washington Mystics,77,93,False,False,2018
401018853,2018-06-23,Las Vegas Aces,New York Liberty,88,78,False,False,2018
401018854,2018-06-23,Phoenix Mercury,Minnesota Lynx,72,83,False,False,2018
401018855,2018-06-23,Seattle Storm,Indiana Fever,72,63,False,False,2018
401018856,2018-06-24,Dallas Wings,Seattle Storm,76,97,False,False,2018
401018857,2018-06-24,Los Angeles Sparks,New York Liberty,80,54,False,False,2018
401018858,2018-06-24,Indiana Fever,Connecticut Sun,78,87,False,False,2018
401018859,2018-06-24,Las Vegas Aces,Minnesota Lynx,73,88,False,False,2018
401018860,2018-06-24,Chicago Sky,Phoenix Mercury,97,88,False,False,2018
401018861,2018-06-26,New York Liberty,Phoenix Mercury,69,83,False,False,2018
401018862,2018-06-26,Washington Mystics,Connecticut Sun,92,80,False,False,2018
401018863,2018-06-27,Minnesota Lynx,Seattle Storm,91,79,False,False,2018
401018864,2018-06-27,Los Angeles Sparks,Dallas Wings,87,83,False,False,2018
401018865,2018-06-27,Chicago Sky,Atlanta Dream,93,80,False,False,2018
401018866,2018-06-27,Connecticut Sun,Indiana Fever,101,89,False,False,2018
401018867,2018-06-28,Las Vegas Aces,Dallas Wings,91,97,False,False,2018
401018868,2018-06-28,Washington Mystics,New York Liberty,80,77,False,False,2018
401018869,2018-06-29,Seattle Storm,Los Angeles Sparks,81,72,False,False,2018
401018870,2018-06-29,Indiana Fever,Phoenix Mercury,77,95,False,False,2018
401018871,2018-06-29,New York Liberty,Chicago Sky,99,103,False,False,2018
401018872,2018-06-30,Minnesota Lynx,Atlanta Dream,85,74,False,False,2018
401018873,2018-06-30,Las Vegas Aces,Los Angeles Sparks,94,78,False,False,2018
401018874,2018-06-30,Washington Mystics,Phoenix Mercury,74,84,False,False,2018
401018875,2018-07-01,Dallas Wings,Minnesota Lynx,72,76,False,False,2018
401018876,2018-07-01,Los Angeles Sparks,Las Vegas Aces,87,71,False,False,2018
401018877,2018-07-01,Indiana Fever,Atlanta Dream,83,87,False,False,2018
401018878,2018-07-01,Chicago Sky,New York Liberty,94,97,False,False,2018
401018879,2018-07-01,Seattle Storm,Connecticut Sun,84,70,False,False,2018
401018880,2018-07-03,New York Liberty,Seattle Storm,62,77,False,False,2018
401018881,2018-07-04,Dallas Wings,Chicago Sky,108,85,False,False,2018
401018882,2018-07-04,Minnesota Lynx,Indiana Fever,59,71,False,False,2018
401018883,2018-07-04,Los Angeles Sparks,Connecticut Sun,72,73,False,False,2018
401018884,2018-07-05,Washington Mystics,New York Liberty,86,67,False,False,2018
401018885,2018-07-06,Dallas Wings,Indiana Fever,90,63,False,False,2018
401018886,2018-07-06,Minnesota Lynx,Los Angeles Sparks,83,72,False,False,2018
401018887,2018-07-06,Las Vegas Aces,Chicago Sky,84,80,False,False,2018
401018888,2018-07-06,Phoenix Mercury,Connecticut Sun,84,77,False,False,2018
401018889,2018-07-06,Atlanta Dream,Seattle Storm,86,95,False,False,2018
401018890,2018-07-07,Los Angeles Sparks,Washington Mystics,74,83,False,False,2018
401018891,2018-07-08,Chicago Sky,Minnesota Lynx,77,63,False,False,2018
401018892,2018-07-08,Las Vegas Aces,Connecticut Sun,94,90,False,False,2018
401018893,2018-07-08,Atlanta Dream,Phoenix Mercury,76,70,False,False,2018
401018894,2018-07-08,New York Liberty,Dallas Wings,87,97,False,False,2018
401018895,2018-07-08,Seattle Storm,Washington Mystics,97,91,False,False,2018
401018896,2018-07-10,Seattle Storm,Los Angeles Sparks,75,77,False,False,2018
401018897,2018-07-11,Dallas Wings,Phoenix Mercury,101,72,False,False,2018
401018898,2018-07-11,Chicago Sky,Las Vegas Aces,74,98,False,False,2018
401018899,2018-07-11,Connecticut Sun,New York Liberty,76,79,False,False,2018
401018900,2018-07-11,Washington Mystics,Atlanta Dream,89,106,False,False,2018
401018901,2018-07-11,Indiana Fever,Minnesota Lynx,65,87,False,False,2018
401018902,2018-07-12,Los Angeles Sparks,Dallas Wings,77,92,False,False,2018
401018903,2018-07-13,Atlanta Dream,Indiana Fever,98,74,False,False,2018
401018904,2018-07-13,Connecticut Sun,Phoenix Mercury,91,87,False,False,2018
401018905,2018-07-13,Washington Mystics,Chicago Sky,88,72,False,False,2018
401018906,2018-07-14,Minnesota Lynx,Las Vegas Aces,77,85,False,False,2018
401018907,2018-07-15,Seattle Storm,Dallas Wings,91,84,False,False,2018
401018908,2018-07-15,Atlanta Dream,Washington Mystics,80,77,False,False,2018
401018909,2018-07-15,New York Liberty,Chicago Sky,107,84,False,False,2018
401018910,2018-07-15,Indiana Fever,Phoenix Mercury,82,101,False,False,2018
401018911,2018-07-15,Las Vegas Aces,Los Angeles Sparks,78,99,False,False,2018
401018912,2018-07-15,Minnesota Lynx,Connecticut Sun,64,83,False,False,2018
401018913,2018-07-17,Dallas Wings,New York Liberty,104,87,False,False,2018
401018914,2018-07-17,Connecticut Sun,Atlanta Dream,83,86,False,False,2018
401018915,2018-07-18,Chicago Sky,Seattle Storm,83,101,False,False,2018
401018916,2018-07-18,Minnesota Lynx,Indiana Fever,89,65,False,False,2018
401018917,2018-07-19,Atlanta Dream,New York Liberty,82,68,False,False,2018
401018918,2018-07-20,Dallas Wings,Washington Mystics,90,81,False,False,2018
401018919,2018-07-20,Phoenix Mercury,Las Vegas Aces,82,85,False,False,2018
401018920,2018-07-20,Connecticut Sun,Seattle Storm,65,78,False,False,2018
401018921,2018-07-21,Chicago Sky,Dallas Wings,114,99,False,False,2018
401018922,2018-07-21,Los Angeles Sparks,Indiana Fever,76,78,False,False,2018
401018923,2018-07-21,New York Liberty,Washington Mystics,78,95,False,False,2018
401018924,2018-07-22,Phoenix Mercury,Minnesota Lynx,75,80,False,False,2018
401018925,2018-07-22,Atlanta Dream,Seattle Storm,87,74,False,False,2018
401018926,2018-07-22,Dallas Wings,Connecticut Sun,75,92,False,False,2018
401018927,2018-07-22,Las Vegas Aces,Indiana Fever,88,74,False,False,2018
401018928,2018-07-22,Chicago Sky,Los Angeles Sparks,76,93,False,False,2018
401018929,2018-07-24,Connecticut Sun,Washington Mystics,94,68,False,False,2018
401018930,2018-07-24,Indiana Fever,Seattle Storm,72,92,False,False,2018
401018931,2018-07-25,Minnesota Lynx,New York Liberty,85,82,False,False,2018
401018932,2018-07-25,Los Angeles Sparks,Atlanta Dream,71,81,False,False,2018
401018933,2018-07-25,Phoenix Mercury,Chicago Sky,87,101,False,False,2018
401018934,2018-07-31,Atlanta Dream,Washington Mystics,71,86,False,False,2018
401018935,2018-08-01,Dallas Wings,Chicago Sky,91,92,False,False,2018
401018936,2018-08-01,Phoenix Mercury,Seattle Storm,91,102,False,False,2018
401018937,2018-08-01,Connecticut Sun,New York Liberty,92,77,False,False,2018
401018938,2018-08-02,Las Vegas Aces,Phoenix Mercury,93,104,False,False,2018
401018939,2018-08-02,Indiana Fever,Dallas Wings,84,78,False,False,2018
401018940,2018-08-03,Los Angeles Sparks,Minnesota Lynx,79,57,False,False,2018
401018941,2018-08-03,Atlanta Dream,Chicago Sky,89,74,False,False,2018
401018942,2018-08-04,Washington Mystics,Las Vegas Aces,0,0,False,False,2018
401018943,2018-08-04,Seattle Storm,Minnesota Lynx,85,75,False,False,2018
401018944,2018-08-04,New York Liberty,Indiana Fever,55,68,False,False,2018
401018945,2018-08-05,Connecticut Sun,Las Vegas Aces,109,88,False,False,2018
401018946,2018-08-05,Dallas Wings,Washington Mystics,74,76,False,False,2018
401018947,2018-08-05,Los Angeles Sparks,Phoenix Mercury,78,75,False,False,2018
401018948,2018-08-05,Minnesota Lynx,Atlanta Dream,66,86,False,False,2018
401018949,2018-08-06,New York Liberty,Seattle Storm,80,96,False,False,2018
401018950,2018-08-07,Atlanta Dream,Las Vegas Aces,109,100,False,False,2018
401018951,2018-08-07,Indiana Fever,Seattle Storm,79,94,False,False,2018
401018952,2018-08-08,Chicago Sky,Minnesota Lynx,64,85,False,False,2018
401018953,2018-08-08,Phoenix Mercury,Washington Mystics,98,103,False,False,2018
401018954,2018-08-08,New York Liberty,Los Angeles Sparks,81,82,False,False,2018
401018955,2018-08-09,Dallas Wings,Connecticut Sun,92,101,False,False,2018
401018956,2018-08-09,Washington Mystics,Seattle Storm,100,77,False,False,2018
401018957,2018-08-09,Atlanta Dream,Los Angeles Sparks,79,73,False,False,2018
401018958,2018-08-10,Las Vegas Aces,Minnesota Lynx,73,89,False,False,2018
401018959,2018-08-11,Chicago Sky,Connecticut Sun,97,86,False,False,2018
401018960,2018-08-11,Phoenix Mercury,Indiana Fever,94,74,False,False,2018
401018961,2018-08-11,Atlanta Dream,Dallas Wings,92,82,False,False,2018
401018962,2018-08-12,Las Vegas Aces,Indiana Fever,92,74,False,False,2018
401018963,2018-08-12,New York Liberty,Atlanta Dream,77,86,False,False,2018
401018964,2018-08-12,Connecticut Sun,Chicago Sky,82,75,False,False,2018
401018965,2018-08-12,Washington Mystics,Dallas Wings,93,80,False,False,2018
401018966,2018-08-12,Phoenix Mercury,Los Angeles Sparks,86,78,False,False,2018
401018967,2018-08-12,Minnesota Lynx,Seattle Storm,72,81,False,False,2018
401018968,2018-08-14,Connecticut Sun,Dallas Wings,96,76,False,False,2018
401018969,2018-08-15,Minnesota Lynx,Chicago Sky,88,91,False,False,2018
401018970,2018-08-15,Los Angeles Sparks,New York Liberty,74,66,False,False,2018
401018971,2018-08-15,Indiana Fever,Washington Mystics,62,76,False,False,2018
401018972,2018-08-16,Las Vegas Aces,New York Liberty,85,72,False,False,2018
401018973,2018-08-17,Connecticut Sun,Minnesota Lynx,96,79,False,False,2018
401018974,2018-08-17,Washington Mystics,Los Angeles Sparks,69,67,False,False,2018
401018975,2018-08-18,Dallas Wings,Las Vegas Aces,107,102,False,False,2018
401018976,2018-08-18,Phoenix Mercury,Atlanta Dream,104,95,False,False,2018
401018977,2018-08-18,Seattle Storm,New York Liberty,85,77,False,False,2018
401018978,2018-08-18,Indiana Fever,Chicago Sky,106,115,False,False,2018
401018979,2018-08-19,Connecticut Sun,Los Angeles Sparks,89,86,False,False,2018
401018980,2018-08-19,Las Vegas Aces,Atlanta Dream,78,93,False,False,2018
401018981,2018-08-19,Phoenix Mercury,New York Liberty,96,85,False,False,2018
401018982,2018-08-19,Chicago Sky,Indiana Fever,92,97,False,False,2018
401018983,2018-08-19,Seattle Storm,Dallas Wings,84,68,False,False,2018
401018984,2018-08-19,Minnesota Lynx,Washington Mystics,88,83,False,False,2018
401074453,2018-08-22,Phoenix Mercury,Dallas Wings,101,83,True,False,2018
401074454,2018-08-22,Los Angeles Sparks,Minnesota Lynx,75,68,True,False,2018
401074455,2018-08-23,Washington Mystics,Los Angeles Sparks,96,64,True,False,2018
401074456,2018-08-24,Connecticut Sun,Phoenix Mercury,86,96,True,False,2018
401074459,2018-08-26,Atlanta Dream,Washington Mystics,84,87,True,False,2018
401074457,2018-08-26,Seattle Storm,Phoenix Mercury,91,87,True,False,2018
401074460,2018-08-29,Atlanta Dream,Washington Mystics,78,75,True,False,2018
401074458,2018-08-29,Seattle Storm,Phoenix Mercury,91,87,True,False,2018
401074473,2018-09-01,Washington Mystics,Atlanta Dream,76,81,True,False,2018
401074461,2018-09-01,Phoenix Mercury,Seattle Storm,86,66,True,False,2018
401074462,2018-09-02,Washington Mystics,Atlanta Dream,97,76,True,False,2018
401074463,2018-09-02,Phoenix Mercury,Seattle Storm,86,84,True,False,2018
401074465,2018-09-05,Atlanta Dream,Washington Mystics,81,86,True,False,2018
401074464,2018-09-05,Seattle Storm,Phoenix Mercury,94,84,True,False,2018
401079693,2018-09-08,Seattle Storm,Washington Mystics,89,76,True,False,2018
401079694,2018-09-09,Seattle Storm,Washington Mystics,75,73,True,False,2018
401079695,2018-09-13,Washington Mystics,Seattle Storm,82,98,True,False,2018
401104913,2019-05-24,Atlanta Dream,Dallas Wings,76,72,False,False,2019
401104914,2019-05-25,New York Liberty,Indiana Fever,80,81,False,False,2019
401104915,2019-05-25,Seattle Storm,Phoenix Mercury,77,68,False,False,2019
401104916,2019-05-25,Connecticut Sun,Washington Mystics,84,69,False,False,2019
401104917,2019-05-26,Minnesota Lynx,Chicago Sky,89,71,False,False,2019
401104918,2019-05-27,Las Vegas Aces,Los Angeles Sparks,83,70,False,False,2019
401104919,2019-05-28,Connecticut Sun,Indiana Fever,88,77,False,False,2019
401104920,2019-05-30,Minnesota Lynx,Seattle Storm,72,61,False,False,2019
401104921,2019-05-31,Atlanta Dream,Seattle Storm,66,82,False,False,2019
401104922,2019-06-01,Phoenix Mercury,Las Vegas Aces,86,84,False,False,2019
401104923,2019-06-01,Los Angeles Sparks,Connecticut Sun,77,70,False,False,2019
401104924,2019-06-01,Indiana Fever,New York Liberty,92,77,False,False,2019
401104925,2019-06-01,Washington Mystics,Atlanta Dream,96,75,False,False,2019
401104926,2019-06-02,Chicago Sky,Seattle Storm,83,79,False,False,2019
401104927,2019-06-02,Dallas Wings,Minnesota Lynx,67,70,False,False,2019
401104928,2019-06-02,Las Vegas Aces,Connecticut Sun,74,80,False,False,2019
401104929,2019-06-04,New York Liberty,Los Angeles Sparks,73,78,False,False,2019
401104930,2019-06-05,Seattle Storm,Minnesota Lynx,84,77,False,False,2019
401104931,2019-06-05,Washington Mystics,Chicago Sky,103,85,False,False,2019
401104932,2019-06-06,Atlanta Dream,Las Vegas Aces,69,92,False,False,2019
401104933,2019-06-06,Connecticut Sun,Los Angeles Sparks,89,77,False,False,2019
401104934,2019-06-07,Minnesota Lynx,Phoenix Mercury,58,56,False,False,2019
401104935,2019-06-07,Indiana Fever,Dallas Wings,79,64,False,False,2019
401104936,2019-06-07,New York Liberty,Washington Mystics,85,94,False,False,2019
401104937,2019-06-08,Minnesota Lynx,Los Angeles Sparks,85,89,False,False,2019
401104938,2019-06-09,Atlanta Dream,Connecticut Sun,59,65,False,False,2019
401104939,2019-06-09,New York Liberty,Las Vegas Aces,88,78,False,False,2019
401104940,2019-06-09,Washington Mystics,Dallas Wings,86,62,False,False,2019
401104941,2019-06-09,Indiana Fever,Phoenix Mercury,87,94,False,False,2019
401104942,2019-06-09,Chicago Sky,Seattle Storm,78,71,False,False,2019
401104943,2019-06-11,Connecticut Sun,Washington Mystics,83,75,False,False,2019
401104944,2019-06-11,Indiana Fever,Seattle Storm,82,84,False,False,2019
401104945,2019-06-12,Chicago Sky,Phoenix Mercury,82,75,False,False,2019
401104946,2019-06-12,New York Liberty,Minnesota Lynx,75,69,False,False,2019
401104947,2019-06-14,Dallas Wings,Indiana Fever,72,76,False,False,2019
401104948,2019-06-14,Washington Mystics,Seattle Storm,71,74,False,False,2019
401104949,2019-06-15,Minnesota Lynx,Connecticut Sun,81,85,False,False,2019
401104950,2019-06-15,Phoenix Mercury,Los Angeles Sparks,68,85,False,False,2019
401104951,2019-06-15,Las Vegas Aces,New York Liberty,100,65,False,False,2019
401104952,2019-06-15,Indiana Fever,Chicago Sky,64,70,False,False,2019
401104953,2019-06-16,Dallas Wings,Atlanta Dream,71,61,False,False,2019
401104954,2019-06-16,Los Angeles Sparks,New York Liberty,92,98,False,False,2019
401104955,2019-06-16,Connecticut Sun,Seattle Storm,81,67,False,False,2019
401104956,2019-06-16,Minnesota Lynx,Las Vegas Aces,75,80,False,False,2019
401104957,2019-06-19,Los Angeles Sparks,Washington Mystics,52,81,False,False,2019
401104958,2019-06-19,Atlanta Dream,Indiana Fever,88,78,False,False,2019
401104959,2019-06-19,New York Liberty,Chicago Sky,83,91,False,False,2019
401104960,2019-06-21,Dallas Wings,Phoenix Mercury,69,54,False,False,2019
401104961,2019-06-21,Las Vegas Aces,Washington Mystics,72,95,False,False,2019
401104962,2019-06-21,Connecticut Sun,Atlanta Dream,86,76,False,False,2019
401104963,2019-06-22,Chicago Sky,Indiana Fever,69,76,False,False,2019
401104964,2019-06-22,Seattle Storm,Los Angeles Sparks,84,62,False,False,2019
401104965,2019-06-23,Minnesota Lynx,New York Liberty,92,83,False,False,2019
401104966,2019-06-23,Las Vegas Aces,Dallas Wings,86,68,False,False,2019
401104967,2019-06-23,Atlanta Dream,Washington Mystics,73,89,False,False,2019
401104968,2019-06-23,Chicago Sky,Connecticut Sun,93,75,False,False,2019
401104969,2019-06-23,Phoenix Mercury,Los Angeles Sparks,82,72,False,False,2019
401104970,2019-06-23,Seattle Storm,Indiana Fever,65,61,False,False,2019
401104971,2019-06-25,Indiana Fever,Minnesota Lynx,74,78,False,False,2019
401104972,2019-06-26,Las Vegas Aces,Seattle Storm,60,56,False,False,2019
401104973,2019-06-26,Chicago Sky,Washington Mystics,74,81,False,False,2019
401104974,2019-06-27,Dallas Wings,Connecticut Sun,74,73,False,False,2019
401104975,2019-06-28,Los Angeles Sparks,Las Vegas Aces,86,74,False,False,2019
401104976,2019-06-28,New York Liberty,Dallas Wings,69,68,False,False,2019
401104977,2019-06-29,Phoenix Mercury,Indiana Fever,91,69,False,False,2019
401104978,2019-06-29,Seattle Storm,Chicago Sky,79,76,False,False,2019
401104979,2019-06-29,Washington Mystics,Connecticut Sun,102,59,False,False,2019
401104980,2019-06-30,Las Vegas Aces,Indiana Fever,102,97,False,False,2019
401104981,2019-06-30,Atlanta Dream,New York Liberty,58,74,False,False,2019
401104982,2019-06-30,Dallas Wings,Minnesota Lynx,89,86,False,False,2019
401104983,2019-06-30,Los Angeles Sparks,Chicago Sky,94,69,False,False,2019
401104984,2019-06-30,Seattle Storm,Phoenix Mercury,67,69,False,False,2019
401104985,2019-07-02,Las Vegas Aces,Chicago Sky,90,82,False,False,2019
401104986,2019-07-03,Minnesota Lynx,Atlanta Dream,85,68,False,False,2019
401104987,2019-07-03,Seattle Storm,New York Liberty,83,84,False,False,2019
401104988,2019-07-06,Dallas Wings,Indiana Fever,56,76,False,False,2019
401104989,2019-07-06,Phoenix Mercury,New York Liberty,76,80,False,False,2019
401104990,2019-07-06,Seattle Storm,Atlanta Dream,66,77,False,False,2019
401104992,2019-07-06,Connecticut Sun,Minnesota Lynx,71,74,False,False,2019
401104993,2019-07-07,New York Liberty,Las Vegas Aces,58,90,False,False,2019
401104994,2019-07-07,Los Angeles Sparks,Washington Mystics,98,81,False,False,2019
401104995,2019-07-07,Chicago Sky,Dallas Wings,78,66,False,False,2019
401104996,2019-07-07,Phoenix Mercury,Atlanta Dream,65,63,False,False,2019
401104997,2019-07-09,Dallas Wings,Los Angeles Sparks,74,62,False,False,2019
401104998,2019-07-10,Atlanta Dream,Connecticut Sun,78,75,False,False,2019
401104999,2019-07-10,Washington Mystics,Phoenix Mercury,68,91,False,False,2019
401105000,2019-07-10,Indiana Fever,Las Vegas Aces,71,74,False,False,2019
401105001,2019-07-11,Chicago Sky,Minnesota Lynx,72,73,False,False,2019
401105002,2019-07-12,Indiana Fever,Los Angeles Sparks,84,90,False,False,2019
401105003,2019-07-12,Atlanta Dream,Minnesota Lynx,60,53,False,False,2019
401105004,2019-07-13,Connecticut Sun,Phoenix Mercury,79,64,False,False,2019
401105005,2019-07-13,Chicago Sky,New York Liberty,99,83,False,False,2019
401105006,2019-07-13,Seattle Storm,Dallas Wings,95,81,False,False,2019
401105007,2019-07-13,Washington Mystics,Las Vegas Aces,81,85,False,False,2019
401105008,2019-07-14,Atlanta Dream,Los Angeles Sparks,71,76,False,False,2019
401105009,2019-07-14,Indiana Fever,Connecticut Sun,63,76,False,False,2019
401105010,2019-07-14,Dallas Wings,Chicago Sky,79,89,False,False,2019
401105011,2019-07-14,Minnesota Lynx,Phoenix Mercury,75,62,False,False,2019
401105012,2019-07-14,Seattle Storm,New York Liberty,78,69,False,False,2019
401105013,2019-07-17,Chicago Sky,Atlanta Dream,77,76,False,False,2019
401105014,2019-07-17,Phoenix Mercury,Dallas Wings,69,64,False,False,2019
401105015,2019-07-18,Minnesota Lynx,Seattle Storm,79,90,False,False,2019
401105016,2019-07-18,Los Angeles Sparks,Dallas Wings,69,64,False,False,2019
401105017,2019-07-19,Indiana Fever,Washington Mystics,88,95,False,False,2019
401105018,2019-07-19,Connecticut Sun,Atlanta Dream,98,69,False,False,2019
401105019,2019-07-20,Seattle Storm,Las Vegas Aces,69,66,False,False,2019
401105020,2019-07-20,New York Liberty,Los Angeles Sparks,83,78,False,False,2019
401105021,2019-07-21,Dallas Wings,Phoenix Mercury,66,70,False,False,2019
401105022,2019-07-21,Washington Mystics,Atlanta Dream,93,65,False,False,2019
401105023,2019-07-21,Chicago Sky,Indiana Fever,78,70,False,False,2019
401105024,2019-07-21,Las Vegas Aces,Minnesota Lynx,79,74,False,False,2019
401105025,2019-07-23,Atlanta Dream,Los Angeles Sparks,66,78,False,False,2019
401105026,2019-07-24,Las Vegas Aces,Seattle Storm,79,62,False,False,2019
401105027,2019-07-24,Phoenix Mercury,Indiana Fever,95,77,False,False,2019
401105028,2019-07-24,Connecticut Sun,New York Liberty,70,63,False,False,2019
401105029,2019-07-24,Minnesota Lynx,Washington Mystics,71,79,False,False,2019
401105030,2019-07-30,Connecticut Sun,Chicago Sky,100,94,False,False,2019
401105031,2019-07-30,Washington Mystics,Phoenix Mercury,99,93,False,False,2019
401105032,2019-07-31,Las Vegas Aces,Dallas Wings,86,54,False,False,2019
401105033,2019-07-31,Indiana Fever,Atlanta Dream,61,59,False,False,2019
401105034,2019-08-01,Connecticut Sun,Phoenix Mercury,68,62,False,False,2019
401105035,2019-08-02,Dallas Wings,New York Liberty,87,64,False,False,2019
401105036,2019-08-02,Los Angeles Sparks,Las Vegas Aces,76,68,False,False,2019
401105037,2019-08-03,Seattle Storm,Washington Mystics,79,99,False,False,2019
401105038,2019-08-03,Atlanta Dream,Chicago Sky,75,87,False,False,2019
401105039,2019-08-03,Indiana Fever,Minnesota Lynx,86,75,False,False,2019
401105040,2019-08-04,Dallas Wings,Las Vegas Aces,70,75,False,False,2019
401105041,2019-08-04,New York Liberty,Connecticut Sun,79,94,False,False,2019
401105042,2019-08-04,Los Angeles Sparks,Seattle Storm,83,75,False,False,2019
401105043,2019-08-04,Phoenix Mercury,Washington Mystics,103,82,False,False,2019
401156333,2019-08-06,Las Vegas Aces,Washington Mystics,70,99,False,False,2019
401105044,2019-08-06,Atlanta Dream,Minnesota Lynx,69,85,False,False,2019
401105045,2019-08-08,Chicago Sky,New York Liberty,101,92,False,False,2019
401105046,2019-08-08,Washington Mystics,Indiana Fever,91,78,False,False,2019
401105047,2019-08-09,Los Angeles Sparks,Phoenix Mercury,84,74,False,False,2019
401105048,2019-08-09,Seattle Storm,Dallas Wings,69,57,False,False,2019
401105049,2019-08-10,Minnesota Lynx,Connecticut Sun,89,57,False,False,2019
401105050,2019-08-10,Las Vegas Aces,Chicago Sky,84,87,False,False,2019
401105051,2019-08-10,Indiana Fever,Atlanta Dream,87,82,False,False,2019
401105052,2019-08-11,Phoenix Mercury,Dallas Wings,77,80,False,False,2019
401105053,2019-08-11,New York Liberty,Seattle Storm,69,84,False,False,2019
401105054,2019-08-11,Washington Mystics,Minnesota Lynx,101,78,False,False,2019
401105055,2019-08-11,Los Angeles Sparks,Chicago Sky,84,81,False,False,2019
401105056,2019-08-11,Las Vegas Aces,Connecticut Sun,89,81,False,False,2019
401105057,2019-08-13,New York Liberty,Minnesota Lynx,73,89,False,False,2019
401105058,2019-08-14,Las Vegas Aces,Atlanta Dream,94,90,False,False,2019
401105059,2019-08-15,Washington Mystics,Seattle Storm,88,59,False,False,2019
401105060,2019-08-15,Dallas Wings,Los Angeles Sparks,84,78,False,False,2019
401105061,2019-08-15,Phoenix Mercury,Connecticut Sun,71,78,False,False,2019
401105062,2019-08-16,Connecticut Sun,Seattle Storm,79,78,False,False,2019
401105063,2019-08-17,Chicago Sky,Los Angeles Sparks,91,81,False,False,2019
401105064,2019-08-17,Dallas Wings,New York Liberty,83,77,False,False,2019
401105065,2019-08-17,Minnesota Lynx,Washington Mystics,79,86,False,False,2019
401105066,2019-08-17,Phoenix Mercury,Atlanta Dream,77,68,False,False,2019
401105067,2019-08-18,Connecticut Sun,Dallas Wings,78,68,False,False,2019
401105068,2019-08-18,Washington Mystics,Indiana Fever,107,68,False,False,2019
401105069,2019-08-18,Chicago Sky,Las Vegas Aces,85,100,False,False,2019
401105070,2019-08-18,Phoenix Mercury,New York Liberty,78,72,False,False,2019
401105071,2019-08-18,Seattle Storm,Minnesota Lynx,82,74,False,False,2019
401105072,2019-08-20,Atlanta Dream,Chicago Sky,83,87,False,False,2019
401105073,2019-08-20,Indiana Fever,New York Liberty,76,82,False,False,2019
401105074,2019-08-21,Las Vegas Aces,Phoenix Mercury,84,79,False,False,2019
401105075,2019-08-21,Los Angeles Sparks,Minnesota Lynx,81,71,False,False,2019
401105076,2019-08-23,Minnesota Lynx,Dallas Wings,86,70,False,False,2019
401105077,2019-08-23,Los Angeles Sparks,Indiana Fever,98,65,False,False,2019
401105078,2019-08-23,Connecticut Sun,Las Vegas Aces,89,85,False,False,2019
401105079,2019-08-23,New York Liberty,Atlanta Dream,87,90,False,False,2019
401105080,2019-08-24,Chicago Sky,Washington Mystics,85,78,False,False,2019
401105081,2019-08-25,Washington Mystics,New York Liberty,101,72,False,False,2019
401105082,2019-08-25,Dallas Wings,Atlanta Dream,73,77,False,False,2019
401105083,2019-08-25,Los Angeles Sparks,Connecticut Sun,84,72,False,False,2019
401105084,2019-08-25,Phoenix Mercury,Chicago Sky,86,94,False,False,2019
401105085,2019-08-25,Minnesota Lynx,Las Vegas Aces,98,77,False,False,2019
401105086,2019-08-25,Seattle Storm,Indiana Fever,54,63,False,False,2019
401105087,2019-08-27,Indiana Fever,Las Vegas Aces,86,71,False,False,2019
401105088,2019-08-27,New York Liberty,Phoenix Mercury,82,95,False,False,2019
401105089,2019-08-27,Washington Mystics,Los Angeles Sparks,95,66,False,False,2019
401105090,2019-08-28,Minnesota Lynx,Chicago Sky,93,85,False,False,2019
401105091,2019-08-28,Seattle Storm,Connecticut Sun,70,89,False,False,2019
401105092,2019-08-29,Indiana Fever,Los Angeles Sparks,83,87,False,False,2019
401105094,2019-08-29,Atlanta Dream,Phoenix Mercury,58,65,False,False,2019
401105093,2019-08-30,Chicago Sky,Dallas Wings,83,88,False,False,2019
401105095,2019-08-30,New York Liberty,Connecticut Sun,84,94,False,False,2019
401105096,2019-09-01,Dallas Wings,Washington Mystics,85,91,False,False,2019
401105097,2019-09-01,Las Vegas Aces,Los Angeles Sparks,92,86,False,False,2019
401105098,2019-09-01,Chicago Sky,Phoenix Mercury,105,78,False,False,2019
401105099,2019-09-01,Minnesota Lynx,Indiana Fever,81,73,False,False,2019
401105100,2019-09-01,Seattle Storm,Atlanta Dream,92,75,False,False,2019
401105101,2019-09-03,New York Liberty,Washington Mystics,77,93,False,False,2019
401105102,2019-09-04,Phoenix Mercury,Seattle Storm,70,82,False,False,2019
401105103,2019-09-04,Los Angeles Sparks,Atlanta Dream,70,60,False,False,2019
401105104,2019-09-04,Connecticut Sun,Dallas Wings,102,72,False,False,2019
401105105,2019-09-05,Atlanta Dream,Las Vegas Aces,78,74,False,False,2019
401105106,2019-09-06,Los Angeles Sparks,Seattle Storm,102,68,False,False,2019
401105107,2019-09-06,Washington Mystics,Dallas Wings,86,73,False,False,2019
401105109,2019-09-06,New York Liberty,Indiana Fever,81,86,False,False,2019
401105108,2019-09-06,Connecticut Sun,Chicago Sky,104,109,False,False,2019
401105110,2019-09-07,Phoenix Mercury,Minnesota Lynx,69,83,False,False,2019
401105111,2019-09-08,Atlanta Dream,New York Liberty,63,71,False,False,2019
401105112,2019-09-08,Indiana Fever,Connecticut Sun,104,76,False,False,2019
401105113,2019-09-08,Washington Mystics,Chicago Sky,100,86,False,False,2019
401105114,2019-09-08,Dallas Wings,Seattle Storm,64,78,False,False,2019
401105115,2019-09-08,Phoenix Mercury,Las Vegas Aces,89,98,False,False,2019
401105116,2019-09-08,Los Angeles Sparks,Minnesota Lynx,77,68,False,False,2019
401165793,2019-09-12,Chicago Sky,Phoenix Mercury,105,76,True,False,2019
401165794,2019-09-12,Seattle Storm,Minnesota Lynx,84,74,True,False,2019
401165795,2019-09-15,Los Angeles Sparks,Seattle Storm,92,69,True,False,2019
401165796,2019-09-15,Las Vegas Aces,Chicago Sky,93,92,True,False,2019
401165802,2019-09-17,Connecticut Sun,Los Angeles Sparks,84,75,True,False,2019
401165797,2019-09-18,Washington Mystics,Las Vegas Aces,97,95,True,False,2019
401165803,2019-09-19,Connecticut Sun,Los Angeles Sparks,94,68,True,False,2019
401165798,2019-09-20,Washington Mystics,Las Vegas Aces,103,91,True,False,2019
401165887,2019-09-22,Las Vegas Aces,Washington Mystics,92,75,True,False,2019
401165892,2019-09-22,Los Angeles Sparks,Connecticut Sun,56,78,True,False,2019
401165888,2019-09-25,Las Vegas Aces,Washington Mystics,90,94,True,False,2019
401165807,2019-09-29,Washington Mystics,Connecticut Sun,95,86,True,False,2019
401165808,2019-10-02,Washington Mystics,Connecticut Sun,87,99,True,False,2019
401165809,2019-10-06,Connecticut Sun,Washington Mystics,81,94,True,False,2019
401165810,2019-10-09,Connecticut Sun,Washington Mystics,90,86,True,False,2019
401165811,2019-10-11,Washington Mystics,Connecticut Sun,89,78,True,False,2019
401230733,2020-07-25,New York Liberty,Seattle Storm,71,87,False,False,2020
401230734,2020-07-25,Phoenix Mercury,Los Angeles Sparks,76,99,False,False,2020
401230735,2020-07-25,Washington Mystics,Indiana Fever,101,76,False,False,2020
401230461,2020-07-26,Minnesota Lynx,Connecticut Sun,77,69,False,False,2020
401230462,2020-07-26,Las Vegas Aces,Chicago Sky,86,88,False,False,2020
401230463,2020-07-26,Atlanta Dream,Dallas Wings,105,95,False,False,2020
401230464,2020-07-28,Connecticut Sun,Washington Mystics,89,94,False,False,2020
401230465,2020-07-29,Chicago Sky,Los Angeles Sparks,96,78,False,False,2020
401230466,2020-07-29,Seattle Storm,Minnesota Lynx,90,66,False,False,2020
401230467,2020-07-29,Indiana Fever,Phoenix Mercury,106,100,False,False,2020
401230468,2020-07-30,Dallas Wings,New York Liberty,93,80,False,False,2020
401230469,2020-07-30,Las Vegas Aces,Atlanta Dream,100,70,False,False,2020
401230470,2020-07-30,Washington Mystics,Seattle Storm,89,71,False,False,2020
401230471,2020-07-31,Minnesota Lynx,Chicago Sky,83,81,False,False,2020
401230472,2020-07-31,Los Angeles Sparks,Connecticut Sun,81,76,False,False,2020
401230753,2020-07-31,Atlanta Dream,New York Liberty,84,78,False,False,2020
401230754,2020-08-01,Dallas Wings,Indiana Fever,76,73,False,False,2020
401230755,2020-08-01,Phoenix Mercury,Las Vegas Aces,102,95,False,False,2020
401230756,2020-08-01,Connecticut Sun,Minnesota Lynx,69,78,False,False,2020
401230757,2020-08-01,Chicago Sky,Washington Mystics,88,86,False,False,2020
401230758,2020-08-02,Seattle Storm,Los Angeles Sparks,81,75,False,False,2020
401230759,2020-08-02,New York Liberty,Phoenix Mercury,67,96,False,False,2020
401230760,2020-08-02,Indiana Fever,Atlanta Dream,93,77,False,False,2020
401230761,2020-08-02,Las Vegas Aces,Dallas Wings,79,70,False,False,2020
401230762,2020-08-04,Chicago Sky,Dallas Wings,82,79,False,False,2020
401230763,2020-08-04,Atlanta Dream,Phoenix Mercury,74,81,False,False,2020
401230764,2020-08-05,Seattle Storm,Connecticut Sun,87,74,False,False,2020
401230765,2020-08-05,New York Liberty,Minnesota Lynx,66,92,False,False,2020
401230766,2020-08-06,Washington Mystics,Las Vegas Aces,77,83,False,False,2020
401230767,2020-08-06,Los Angeles Sparks,Indiana Fever,86,75,False,False,2020
401230768,2020-08-06,Atlanta Dream,Seattle Storm,92,93,False,False,2020
401230769,2020-08-07,Dallas Wings,Connecticut Sun,68,91,False,False,2020
401230770,2020-08-07,Phoenix Mercury,Chicago Sky,96,86,False,False,2020
401230771,2020-08-07,Minnesota Lynx,Indiana Fever,87,80,False,False,2020
401230772,2020-08-07,Washington Mystics,New York Liberty,66,74,False,False,2020
401230773,2020-08-08,Las Vegas Aces,Los Angeles Sparks,86,82,False,False,2020
401230774,2020-08-08,Dallas Wings,Atlanta Dream,85,75,False,False,2020
401230775,2020-08-08,Seattle Storm,Phoenix Mercury,74,68,False,False,2020
401230776,2020-08-08,Connecticut Sun,Chicago Sky,93,100,False,False,2020
401230779,2020-08-09,Los Angeles Sparks,Minnesota Lynx,97,81,False,False,2020
401230777,2020-08-09,New York Liberty,Las Vegas Aces,76,78,False,False,2020
401230778,2020-08-09,Indiana Fever,Washington Mystics,91,84,False,False,2020
401230780,2020-08-10,Atlanta Dream,Connecticut Sun,82,93,False,False,2020
401230781,2020-08-10,Dallas Wings,Phoenix Mercury,79,91,False,False,2020
401230782,2020-08-11,Seattle Storm,Chicago Sky,89,71,False,False,2020
401230784,2020-08-11,Indiana Fever,Las Vegas Aces,79,98,False,False,2020
401230783,2020-08-12,Minnesota Lynx,Washington Mystics,68,48,False,False,2020
401230785,2020-08-12,Los Angeles Sparks,New York Liberty,93,78,False,False,2020
401230786,2020-08-12,Connecticut Sun,Dallas Wings,70,66,False,False,2020
401230787,2020-08-13,Chicago Sky,Phoenix Mercury,89,71,False,False,2020
401230788,2020-08-13,Seattle Storm,Atlanta Dream,100,63,False,False,2020
401230789,2020-08-13,New York Liberty,Indiana Fever,79,86,False,False,2020
401230790,2020-08-13,Washington Mystics,Los Angeles Sparks,64,81,False,False,2020
401230791,2020-08-14,Las Vegas Aces,Minnesota Lynx,87,77,False,False,2020
401230792,2020-08-14,Chicago Sky,Connecticut Sun,74,77,False,False,2020
401230793,2020-08-15,Dallas Wings,Seattle Storm,65,83,False,False,2020
401230794,2020-08-15,Phoenix Mercury,Atlanta Dream,96,80,False,False,2020
401230797,2020-08-15,Las Vegas Aces,Washington Mystics,88,73,False,False,2020
401230795,2020-08-15,Indiana Fever,Los Angeles Sparks,76,90,False,False,2020
401230796,2020-08-15,Minnesota Lynx,New York Liberty,94,64,False,False,2020
401230822,2020-08-16,Phoenix Mercury,Dallas Wings,89,95,False,False,2020
401230821,2020-08-16,Connecticut Sun,Seattle Storm,72,95,False,False,2020
401230820,2020-08-16,Atlanta Dream,Chicago Sky,67,92,False,False,2020
401230823,2020-08-18,Connecticut Sun,Indiana Fever,84,62,False,False,2020
401230824,2020-08-19,Chicago Sky,Las Vegas Aces,84,82,False,False,2020
401230825,2020-08-19,Seattle Storm,New York Liberty,105,64,False,False,2020
401230798,2020-08-19,Washington Mystics,Atlanta Dream,98,91,False,False,2020
401230826,2020-08-20,Minnesota Lynx,Dallas Wings,91,84,False,False,2020
401230827,2020-08-20,Los Angeles Sparks,Phoenix Mercury,83,74,False,False,2020
401230799,2020-08-20,New York Liberty,Chicago Sky,85,101,False,False,2020
401230828,2020-08-21,Indiana Fever,Seattle Storm,90,84,False,False,2020
401230800,2020-08-21,Las Vegas Aces,Connecticut Sun,99,78,False,False,2020
401230829,2020-08-21,Atlanta Dream,Los Angeles Sparks,85,93,False,False,2020
401230830,2020-08-22,Dallas Wings,Washington Mystics,101,92,False,False,2020
401230831,2020-08-22,Phoenix Mercury,Minnesota Lynx,80,90,False,False,2020
401230801,2020-08-22,Las Vegas Aces,Seattle Storm,82,74,False,False,2020
401230832,2020-08-22,Chicago Sky,Indiana Fever,87,76,False,False,2020
401230833,2020-08-22,Connecticut Sun,New York Liberty,82,65,False,False,2020
401230834,2020-08-23,Minnesota Lynx,Atlanta Dream,75,78,False,False,2020
401230835,2020-08-23,Los Angeles Sparks,Dallas Wings,84,81,False,False,2020
401230836,2020-08-24,Washington Mystics,Phoenix Mercury,87,88,False,False,2020
401230837,2020-08-25,Chicago Sky,New York Liberty,99,101,False,False,2020
401230838,2020-08-26,Dallas Wings,Las Vegas Aces,92,96,False,False,2020
401230839,2020-08-26,Seattle Storm,Indiana Fever,87,74,False,False,2020
401230843,2020-08-28,Atlanta Dream,Minnesota Lynx,79,88,False,False,2020
401230844,2020-08-29,Connecticut Sun,Los Angeles Sparks,76,80,False,False,2020
401230845,2020-08-29,Phoenix Mercury,Washington Mystics,94,72,False,False,2020
401230807,2020-08-29,Las Vegas Aces,New York Liberty,80,63,False,False,2020
401230806,2020-08-29,Chicago Sky,Seattle Storm,74,88,False,False,2020
401230805,2020-08-29,Indiana Fever,Dallas Wings,78,82,False,False,2020
401230846,2020-08-30,Washington Mystics,Connecticut Sun,63,76,False,False,2020
401230847,2020-08-30,Minnesota Lynx,Phoenix Mercury,79,83,False,False,2020
401230808,2020-08-31,Los Angeles Sparks,Atlanta Dream,84,79,False,False,2020
401241306,2020-08-31,Indiana Fever,Chicago Sky,77,100,False,False,2020
401241307,2020-09-01,Minnesota Lynx,Los Angeles Sparks,96,78,False,False,2020
401230848,2020-09-01,New York Liberty,Connecticut Sun,65,70,False,False,2020
401230849,2020-09-02,Atlanta Dream,Indiana Fever,102,90,False,False,2020
401230850,2020-09-02,Las Vegas Aces,Phoenix Mercury,85,92,False,False,2020
401230851,2020-09-02,Chicago Sky,Minnesota Lynx,83,86,False,False,2020
401230809,2020-09-03,Dallas Wings,Los Angeles Sparks,83,91,False,False,2020
401230852,2020-09-03,Seattle Storm,Washington Mystics,71,64,False,False,2020
401230810,2020-09-03,New York Liberty,Atlanta Dream,56,62,False,False,2020
401230811,2020-09-04,Connecticut Sun,Las Vegas Aces,78,93,False,False,2020
401230812,2020-09-04,Phoenix Mercury,Indiana Fever,105,81,False,False,2020
401230853,2020-09-04,Washington Mystics,Chicago Sky,79,69,False,False,2020
401230854,2020-09-05,Dallas Wings,Minnesota Lynx,75,88,False,False,2020
401230813,2020-09-05,Los Angeles Sparks,Seattle Storm,89,90,False,False,2020
401230855,2020-09-05,Indiana Fever,Connecticut Sun,77,96,False,False,2020
401230814,2020-09-05,Atlanta Dream,Las Vegas Aces,79,89,False,False,2020
401230815,2020-09-06,Phoenix Mercury,New York Liberty,83,67,False,False,2020
401230856,2020-09-06,Washington Mystics,Dallas Wings,94,101,False,False,2020
401230857,2020-09-06,Minnesota Lynx,Seattle Storm,88,103,False,False,2020
401230858,2020-09-07,Los Angeles Sparks,Chicago Sky,86,80,False,False,2020
401241308,2020-09-07,Phoenix Mercury,Connecticut Sun,70,85,False,False,2020
401230859,2020-09-08,New York Liberty,Los Angeles Sparks,70,96,False,False,2020
401230860,2020-09-09,Washington Mystics,Minnesota Lynx,89,86,False,False,2020
401230861,2020-09-09,Las Vegas Aces,Indiana Fever,92,86,False,False,2020
401230862,2020-09-09,Connecticut Sun,Phoenix Mercury,95,100,False,False,2020
401230863,2020-09-10,Chicago Sky,Atlanta Dream,89,97,False,False,2020
401230816,2020-09-10,Seattle Storm,Dallas Wings,107,95,False,False,2020
401230864,2020-09-10,Indiana Fever,New York Liberty,85,75,False,False,2020
401230865,2020-09-11,Minnesota Lynx,Las Vegas Aces,89,104,False,False,2020
401230866,2020-09-11,Los Angeles Sparks,Washington Mystics,72,80,False,False,2020
401230867,2020-09-11,Connecticut Sun,Atlanta Dream,75,82,False,False,2020
401230868,2020-09-12,Dallas Wings,Chicago Sky,88,95,False,False,2020
401230869,2020-09-12,Phoenix Mercury,Seattle Storm,60,83,False,False,2020
401230817,2020-09-12,New York Liberty,Washington Mystics,58,75,False,False,2020
401230819,2020-09-12,Los Angeles Sparks,Las Vegas Aces,70,84,False,False,2020
401230818,2020-09-12,Indiana Fever,Minnesota Lynx,86,98,False,False,2020
401241309,2020-09-13,New York Liberty,Dallas Wings,79,82,False,False,2020
401241310,2020-09-13,Seattle Storm,Las Vegas Aces,84,86,False,False,2020
401241311,2020-09-13,Atlanta Dream,Washington Mystics,78,85,False,False,2020
401244169,2020-09-15,Chicago Sky,Connecticut Sun,81,94,True,False,2020
401244170,2020-09-16,Phoenix Mercury,Washington Mystics,85,84,True,False,2020
401244171,2020-09-17,Minnesota Lynx,Phoenix Mercury,80,79,True,False,2020
401244172,2020-09-18,Los Angeles Sparks,Connecticut Sun,59,73,True,False,2020
401244173,2020-09-20,Las Vegas Aces,Connecticut Sun,62,87,True,False,2020
401244176,2020-09-22,Las Vegas Aces,Connecticut Sun,83,75,True,False,2020
401244175,2020-09-23,Seattle Storm,Minnesota Lynx,88,86,True,False,2020
401244178,2020-09-24,Seattle Storm,Minnesota Lynx,89,79,True,False,2020
401244177,2020-09-25,Connecticut Sun,Las Vegas Aces,77,68,True,False,2020
401244179,2020-09-27,Connecticut Sun,Las Vegas Aces,75,84,True,False,2020
401244180,2020-09-27,Minnesota Lynx,Seattle Storm,71,92,True,False,2020
401248413,2020-09-29,Las Vegas Aces,Connecticut Sun,66,63,True,False,2020
401244183,2020-10-02,Las Vegas Aces,Seattle Storm,80,93,True,False,2020
401244184,2020-10-04,Las Vegas Aces,Seattle Storm,91,104,True,False,2020
401244185,2020-10-06,Seattle Storm,Las Vegas Aces,92,59,True,False,2020
401320565,2021-05-14,New York Liberty,Indiana Fever,90,87,False,False,2021
401320566,2021-05-14,Atlanta Dream,Connecticut Sun,67,78,False,False,2021
401320567,2021-05-15,Minnesota Lynx,Phoenix Mercury,75,77,False,False,2021
401320568,2021-05-15,Los Angeles Sparks,Dallas Wings,71,94,False,False,2021
401320569,2021-05-15,Washington Mystics,Chicago Sky,56,70,False,False,2021
401320570,2021-05-15,Seattle Storm,Las Vegas Aces,97,83,False,False,2021
401320571,2021-05-16,Indiana Fever,New York Liberty,65,73,False,False,2021
401320572,2021-05-16,Connecticut Sun,Phoenix Mercury,86,78,False,False,2021
401320573,2021-05-18,New York Liberty,Minnesota Lynx,86,75,False,False,2021
401320574,2021-05-19,Washington Mystics,Phoenix Mercury,70,91,False,False,2021
401320575,2021-05-19,Seattle Storm,Las Vegas Aces,80,96,False,False,2021
401320576,2021-05-19,Atlanta Dream,Chicago Sky,77,85,False,False,2021
401320577,2021-05-19,Connecticut Sun,Indiana Fever,88,67,False,False,2021
401320578,2021-05-21,Minnesota Lynx,Seattle Storm,78,90,False,False,2021
401320579,2021-05-21,Indiana Fever,Atlanta Dream,79,83,False,False,2021
401320580,2021-05-21,Washington Mystics,New York Liberty,101,72,False,False,2021
401320581,2021-05-22,Phoenix Mercury,Connecticut Sun,67,84,False,False,2021
401320582,2021-05-22,Las Vegas Aces,Los Angeles Sparks,97,69,False,False,2021
401320583,2021-05-23,Dallas Wings,Seattle Storm,97,100,False,False,2021
401320584,2021-05-23,Chicago Sky,New York Liberty,85,93,False,False,2021
401320585,2021-05-23,Indiana Fever,Washington Mystics,89,77,False,False,2021
401320586,2021-05-23,Las Vegas Aces,Connecticut Sun,65,72,False,False,2021
401320588,2021-05-24,New York Liberty,Dallas Wings,88,81,False,False,2021
401320587,2021-05-25,Indiana Fever,Washington Mystics,69,85,False,False,2021
401320589,2021-05-26,Chicago Sky,Atlanta Dream,83,90,False,False,2021
401320590,2021-05-26,Seattle Storm,Connecticut Sun,90,87,False,False,2021
401320591,2021-05-27,Phoenix Mercury,Las Vegas Aces,79,85,False,False,2021
401320592,2021-05-27,Atlanta Dream,Dallas Wings,101,95,False,False,2021
401320593,2021-05-28,Connecticut Sun,Washington Mystics,86,81,False,False,2021
401320594,2021-05-29,Chicago Sky,Los Angeles Sparks,61,76,False,False,2021
401320595,2021-05-29,Seattle Storm,Minnesota Lynx,82,72,False,False,2021
401320596,2021-05-29,Las Vegas Aces,Indiana Fever,113,77,False,False,2021
401320597,2021-05-29,New York Liberty,Atlanta Dream,87,90,False,False,2021
401320598,2021-05-30,Dallas Wings,Phoenix Mercury,85,89,False,False,2021
401320599,2021-05-30,Chicago Sky,Los Angeles Sparks,79,82,False,False,2021
401320600,2021-05-30,Las Vegas Aces,Indiana Fever,101,78,False,False,2021
401320601,2021-05-30,Minnesota Lynx,Connecticut Sun,79,74,False,False,2021
401320602,2021-06-01,Connecticut Sun,Las Vegas Aces,74,67,False,False,2021
401320604,2021-06-02,Dallas Wings,Los Angeles Sparks,79,69,False,False,2021
401320603,2021-06-02,Chicago Sky,Phoenix Mercury,83,84,False,False,2021
401320605,2021-06-02,Seattle Storm,Indiana Fever,88,73,False,False,2021
401320606,2021-06-03,New York Liberty,Las Vegas Aces,82,94,False,False,2021
401320607,2021-06-04,Phoenix Mercury,Chicago Sky,77,74,False,False,2021
401320608,2021-06-04,Los Angeles Sparks,Indiana Fever,98,63,False,False,2021
401320609,2021-06-05,Minnesota Lynx,Atlanta Dream,86,84,False,False,2021
401320610,2021-06-05,Seattle Storm,Dallas Wings,105,102,False,False,2021
401320611,2021-06-05,Washington Mystics,Las Vegas Aces,93,96,False,False,2021
401320612,2021-06-05,Los Angeles Sparks,Chicago Sky,68,63,False,False,2021
401320613,2021-06-05,Connecticut Sun,New York Liberty,85,64,False,False,2021
401320614,2021-06-06,Minnesota Lynx,Atlanta Dream,100,80,False,False,2021
401320615,2021-06-06,Seattle Storm,Dallas Wings,67,68,False,False,2021
401320616,2021-06-08,Washington Mystics,Minnesota Lynx,85,81,False,False,2021
401320619,2021-06-09,Phoenix Mercury,Dallas Wings,81,85,False,False,2021
401320617,2021-06-09,Atlanta Dream,Seattle Storm,71,95,False,False,2021
401320618,2021-06-10,Chicago Sky,Indiana Fever,92,76,False,False,2021
401320620,2021-06-10,Washington Mystics,Los Angeles Sparks,89,71,False,False,2021
401320621,2021-06-12,Atlanta Dream,Seattle Storm,75,86,False,False,2021
401320622,2021-06-12,Phoenix Mercury,Dallas Wings,59,77,False,False,2021
401320623,2021-06-12,Indiana Fever,Chicago Sky,79,83,False,False,2021
401320624,2021-06-13,Minnesota Lynx,Los Angeles Sparks,80,64,False,False,2021
401320625,2021-06-13,Connecticut Sun,Seattle Storm,66,89,False,False,2021
401320626,2021-06-13,Atlanta Dream,Washington Mystics,101,78,False,False,2021
401320627,2021-06-13,Las Vegas Aces,Dallas Wings,85,78,False,False,2021
401320628,2021-06-13,Phoenix Mercury,New York Liberty,83,85,False,False,2021
401320629,2021-06-15,Indiana Fever,Seattle Storm,70,87,False,False,2021
401320630,2021-06-16,Minnesota Lynx,Chicago Sky,89,105,False,False,2021
401320631,2021-06-16,Las Vegas Aces,New York Liberty,100,78,False,False,2021
401320632,2021-06-17,Los Angeles Sparks,Phoenix Mercury,85,80,False,False,2021
401320633,2021-06-17,Indiana Fever,Seattle Storm,69,79,False,False,2021
401320634,2021-06-17,Washington Mystics,Atlanta Dream,96,93,False,False,2021
401320635,2021-06-18,Chicago Sky,Connecticut Sun,81,75,False,False,2021
401320636,2021-06-18,Dallas Wings,Minnesota Lynx,73,85,False,False,2021
401320637,2021-06-18,Las Vegas Aces,New York Liberty,103,76,False,False,2021
401320638,2021-06-19,Los Angeles Sparks,Phoenix Mercury,66,80,False,False,2021
401320639,2021-06-19,Chicago Sky,Connecticut Sun,91,81,False,False,2021
401320640,2021-06-19,Washington Mystics,Indiana Fever,82,77,False,False,2021
401320641,2021-06-20,Dallas Wings,Minnesota Lynx,95,77,False,False,2021
401320642,2021-06-20,Los Angeles Sparks,New York Liberty,73,76,False,False,2021
401320643,2021-06-22,Connecticut Sun,Dallas Wings,80,70,False,False,2021
401320644,2021-06-22,New York Liberty,Chicago Sky,72,92,False,False,2021
401320645,2021-06-23,Seattle Storm,Washington Mystics,83,87,False,False,2021
401320646,2021-06-23,Atlanta Dream,Minnesota Lynx,85,87,False,False,2021
401320647,2021-06-24,Indiana Fever,Dallas Wings,64,89,False,False,2021
401320648,2021-06-24,New York Liberty,Chicago Sky,68,91,False,False,2021
401320649,2021-06-25,Los Angeles Sparks,Washington Mystics,89,82,False,False,2021
401320650,2021-06-26,Minnesota Lynx,Las Vegas Aces,90,89,False,False,2021
401320651,2021-06-26,Dallas Wings,Washington Mystics,85,74,False,False,2021
401320652,2021-06-26,Atlanta Dream,New York Liberty,78,101,False,False,2021
401320654,2021-06-27,Connecticut Sun,Chicago Sky,74,58,False,False,2021
401320655,2021-06-27,Las Vegas Aces,Seattle Storm,95,92,False,False,2021
401320653,2021-06-27,Phoenix Mercury,Los Angeles Sparks,88,79,False,False,2021
401320656,2021-06-29,Atlanta Dream,New York Liberty,73,69,False,False,2021
401320657,2021-06-29,Washington Mystics,Connecticut Sun,71,90,False,False,2021
401320658,2021-07-01,Dallas Wings,Chicago Sky,81,91,False,False,2021
401320659,2021-07-01,Phoenix Mercury,Minnesota Lynx,76,82,False,False,2021
401320660,2021-07-01,Los Angeles Sparks,Las Vegas Aces,75,99,False,False,2021
401320661,2021-07-01,Indiana Fever,Connecticut Sun,80,86,False,False,2021
401320662,2021-07-03,Dallas Wings,Chicago Sky,100,91,False,False,2021
401320663,2021-07-03,Los Angeles Sparks,Las Vegas Aces,58,66,False,False,2021
401320665,2021-07-03,Seattle Storm,Atlanta Dream,91,88,False,False,2021
401320666,2021-07-03,Indiana Fever,Connecticut Sun,73,67,False,False,2021
401320667,2021-07-03,New York Liberty,Washington Mystics,82,79,False,False,2021
401320664,2021-07-04,Phoenix Mercury,Minnesota Lynx,68,99,False,False,2021
401320668,2021-07-04,Las Vegas Aces,Atlanta Dream,118,95,False,False,2021
401320669,2021-07-05,Los Angeles Sparks,Seattle Storm,74,84,False,False,2021
401320670,2021-07-05,New York Liberty,Dallas Wings,99,96,False,False,2021
401320671,2021-07-08,Minnesota Lynx,Dallas Wings,85,79,False,False,2021
401320672,2021-07-08,Las Vegas Aces,Phoenix Mercury,90,99,False,False,2021
401320673,2021-07-08,Seattle Storm,Los Angeles Sparks,71,62,False,False,2021
401320674,2021-07-09,Connecticut Sun,Atlanta Dream,84,72,False,False,2021
401320675,2021-07-09,Indiana Fever,New York Liberty,82,69,False,False,2021
401320676,2021-07-10,Phoenix Mercury,Seattle Storm,85,77,False,False,2021
401320677,2021-07-10,Las Vegas Aces,Minnesota Lynx,67,77,False,False,2021
401320678,2021-07-11,Chicago Sky,Washington Mystics,85,89,False,False,2021
401320679,2021-07-11,Dallas Wings,Las Vegas Aces,79,95,False,False,2021
401320680,2021-07-11,New York Liberty,Connecticut Sun,54,71,False,False,2021
401320681,2021-07-11,Atlanta Dream,Indiana Fever,68,79,False,False,2021
401320682,2021-07-11,Seattle Storm,Phoenix Mercury,82,75,False,False,2021
401320683,2021-07-12,Los Angeles Sparks,Minnesota Lynx,61,86,False,False,2021
401353913,2021-08-13,Seattle Storm,Connecticut Sun,79,57,False,True,2021
401320684,2021-08-15,Chicago Sky,Seattle Storm,87,85,False,False,2021
401320685,2021-08-15,Dallas Wings,Connecticut Sun,59,80,False,False,2021
401320686,2021-08-15,Las Vegas Aces,Washington Mystics,84,83,False,False,2021
401320687,2021-08-15,Phoenix Mercury,Atlanta Dream,92,81,False,False,2021
401320688,2021-08-15,Minnesota Lynx,New York Liberty,88,78,False,False,2021
401320689,2021-08-16,Los Angeles Sparks,Indiana Fever,75,70,False,False,2021
401320690,2021-08-17,Connecticut Sun,Minnesota Lynx,72,60,False,False,2021
401320691,2021-08-18,Chicago Sky,Dallas Wings,76,80,False,False,2021
401320692,2021-08-18,Las Vegas Aces,Washington Mystics,93,83,False,False,2021
401320693,2021-08-18,Phoenix Mercury,Indiana Fever,84,80,False,False,2021
401320694,2021-08-18,Los Angeles Sparks,Atlanta Dream,85,80,False,False,2021
401320695,2021-08-18,New York Liberty,Seattle Storm,83,79,False,False,2021
401320696,2021-08-19,Connecticut Sun,Minnesota Lynx,82,71,False,False,2021
401320697,2021-08-20,Phoenix Mercury,Washington Mystics,77,64,False,False,2021
401320698,2021-08-20,Los Angeles Sparks,Atlanta Dream,66,64,False,False,2021
401320699,2021-08-20,New York Liberty,Seattle Storm,83,99,False,False,2021
401320700,2021-08-21,Dallas Wings,Indiana Fever,81,83,False,False,2021
401320701,2021-08-21,Atlanta Dream,Phoenix Mercury,69,84,False,False,2021
401320702,2021-08-22,Chicago Sky,Minnesota Lynx,95,101,False,False,2021
401320703,2021-08-22,New York Liberty,Los Angeles Sparks,83,86,False,False,2021
401320704,2021-08-22,Washington Mystics,Seattle Storm,78,85,False,False,2021
401320705,2021-08-24,Minnesota Lynx,Seattle Storm,76,70,False,False,2021
401320706,2021-08-24,Atlanta Dream,Chicago Sky,79,86,False,False,2021
401320707,2021-08-24,Connecticut Sun,Las Vegas Aces,76,62,False,False,2021
401320708,2021-08-24,Washington Mystics,Los Angeles Sparks,78,68,False,False,2021
401320709,2021-08-25,New York Liberty,Phoenix Mercury,79,106,False,False,2021
401320710,2021-08-26,Atlanta Dream,Las Vegas Aces,71,78,False,False,2021
401320711,2021-08-26,Connecticut Sun,Los Angeles Sparks,76,72,False,False,2021
401320712,2021-08-26,Washington Mystics,Dallas Wings,77,82,False,False,2021
401320713,2021-08-28,New York Liberty,Phoenix Mercury,64,80,False,False,2021
401320714,2021-08-28,Seattle Storm,Chicago Sky,69,73,False,False,2021
401320715,2021-08-28,Indiana Fever,Las Vegas Aces,71,87,False,False,2021
401320716,2021-08-28,Connecticut Sun,Los Angeles Sparks,76,61,False,False,2021
401320717,2021-08-28,Washington Mystics,Dallas Wings,76,75,False,False,2021
401320718,2021-08-29,Seattle Storm,Chicago Sky,75,107,False,False,2021
401320719,2021-08-31,Indiana Fever,Los Angeles Sparks,74,72,False,False,2021
401320720,2021-08-31,Washington Mystics,Connecticut Sun,75,85,False,False,2021
401320721,2021-09-01,Minnesota Lynx,New York Liberty,74,66,False,False,2021
401320722,2021-09-01,Phoenix Mercury,Chicago Sky,103,83,False,False,2021
401320723,2021-09-03,Dallas Wings,Atlanta Dream,72,68,False,False,2021
401320724,2021-09-03,Minnesota Lynx,Los Angeles Sparks,66,57,False,False,2021
401320725,2021-09-03,Las Vegas Aces,Chicago Sky,90,83,False,False,2021
401320726,2021-09-03,Seattle Storm,New York Liberty,85,75,False,False,2021
401320727,2021-09-04,Indiana Fever,Phoenix Mercury,65,87,False,False,2021
401320728,2021-09-05,Minnesota Lynx,Washington Mystics,93,75,False,False,2021
401320729,2021-09-05,Chicago Sky,Las Vegas Aces,92,84,False,False,2021
401320730,2021-09-05,Dallas Wings,Atlanta Dream,64,69,False,False,2021
401320731,2021-09-06,Indiana Fever,Phoenix Mercury,81,86,False,False,2021
401320732,2021-09-08,Dallas Wings,Connecticut Sun,56,83,False,False,2021
401320733,2021-09-08,Seattle Storm,Washington Mystics,105,71,False,False,2021
401320734,2021-09-08,Atlanta Dream,Phoenix Mercury,75,76,False,False,2021
401320735,2021-09-09,Las Vegas Aces,Minnesota Lynx,102,81,False,False,2021
401320736,2021-09-10,Los Angeles Sparks,Connecticut Sun,57,75,False,False,2021
401320737,2021-09-10,Washington Mystics,Atlanta Dream,82,74,False,False,2021
401320738,2021-09-11,Minnesota Lynx,Indiana Fever,89,72,False,False,2021
401320739,2021-09-12,Dallas Wings,New York Liberty,77,76,False,False,2021
401320740,2021-09-12,Phoenix Mercury,Connecticut Sun,67,76,False,False,2021
401320741,2021-09-12,Chicago Sky,Washington Mystics,71,79,False,False,2021
401320742,2021-09-12,Minnesota Lynx,Indiana Fever,90,80,False,False,2021
401320743,2021-09-13,Los Angeles Sparks,Seattle Storm,81,53,False,False,2021
401320744,2021-09-13,Las Vegas Aces,Dallas Wings,85,75,False,False,2021
401320745,2021-09-14,Atlanta Dream,Indiana Fever,85,78,False,False,2021
401320746,2021-09-15,Connecticut Sun,New York Liberty,98,69,False,False,2021
401320747,2021-09-16,Atlanta Dream,Los Angeles Sparks,68,74,False,False,2021
401320748,2021-09-17,Indiana Fever,Minnesota Lynx,73,92,False,False,2021
401320749,2021-09-17,New York Liberty,Washington Mystics,91,80,False,False,2021
401320750,2021-09-18,Chicago Sky,Las Vegas Aces,70,103,False,False,2021
401320751,2021-09-18,Seattle Storm,Phoenix Mercury,94,85,False,False,2021
401320752,2021-09-19,Connecticut Sun,Atlanta Dream,84,64,False,False,2021
401320753,2021-09-19,Phoenix Mercury,Las Vegas Aces,83,84,False,False,2021
401320754,2021-09-19,Washington Mystics,Minnesota Lynx,77,83,False,False,2021
401320755,2021-09-19,Dallas Wings,Los Angeles Sparks,87,84,False,False,2021
401320756,2021-09-19,Chicago Sky,Indiana Fever,98,87,False,False,2021
401370430,2021-09-24,Chicago Sky,Dallas Wings,81,64,True,False,2021
401370431,2021-09-24,Phoenix Mercury,New York Liberty,83,82,True,False,2021
401370433,2021-09-26,Seattle Storm,Phoenix Mercury,80,85,True,False,2021
401370432,2021-09-26,Minnesota Lynx,Chicago Sky,76,89,True,False,2021
401370434,2021-09-29,Connecticut Sun,Chicago Sky,95,101,True,False,2021
401370435,2021-09-29,Las Vegas Aces,Phoenix Mercury,96,90,True,False,2021
401370436,2021-10-01,Connecticut Sun,Chicago Sky,79,68,True,False,2021
401370437,2021-10-01,Las Vegas Aces,Phoenix Mercury,91,117,True,False,2021
401370439,2021-10-03,Chicago Sky,Connecticut Sun,86,83,True,False,2021
401370438,2021-10-03,Phoenix Mercury,Las Vegas Aces,87,60,True,False,2021
401370441,2021-10-07,Chicago Sky,Connecticut Sun,79,69,True,False,2021
401370440,2021-10-07,Phoenix Mercury,Las Vegas Aces,76,93,True,False,2021
401370442,2021-10-09,Las Vegas Aces,Phoenix Mercury,84,87,True,False,2021
401370395,2021-10-10,Phoenix Mercury,Chicago Sky,77,91,True,False,2021
401370396,2021-10-14,Phoenix Mercury,Chicago Sky,91,86,True,False,2021
401370397,2021-10-16,Chicago Sky,Phoenix Mercury,86,50,True,False,2021
401370398,2021-10-17,Chicago Sky,Phoenix Mercury,80,74,True,False,2021
401391650,2022-05-06,Washington Mystics,Indiana Fever,84,70,False,False,2022
401391651,2022-05-07,Chicago Sky,Los Angeles Sparks,91,98,False,False,2022
401391652,2022-05-07,Phoenix Mercury,Las Vegas Aces,88,106,False,False,2022
401391653,2022-05-07,Seattle Storm,Minnesota Lynx,97,74,False,False,2022
401391654,2022-05-07,New York Liberty,Connecticut Sun,81,79,False,False,2022
401391655,2022-05-08,Dallas Wings,Atlanta Dream,59,66,False,False,2022
401391656,2022-05-08,Indiana Fever,Los Angeles Sparks,77,87,False,False,2022
401391658,2022-05-09,Minnesota Lynx,Washington Mystics,66,78,False,False,2022
401391657,2022-05-09,Las Vegas Aces,Seattle Storm,85,74,False,False,2022
401391659,2022-05-10,Washington Mystics,Las Vegas Aces,89,76,False,False,2022
401391660,2022-05-10,Indiana Fever,Minnesota Lynx,82,76,False,False,2022
401391661,2022-05-11,Atlanta Dream,Los Angeles Sparks,77,75,False,False,2022
401391662,2022-05-12,Chicago Sky,New York Liberty,83,50,False,False,2022
401391663,2022-05-12,Phoenix Mercury,Seattle Storm,97,77,False,False,2022
401391664,2022-05-13,Washington Mystics,Dallas Wings,86,94,False,False,2022
401391665,2022-05-13,Atlanta Dream,Las Vegas Aces,73,96,False,False,2022
401391666,2022-05-14,New York Liberty,Indiana Fever,86,92,False,False,2022
401391667,2022-05-14,Seattle Storm,Phoenix Mercury,64,69,False,False,2022
401391668,2022-05-14,Connecticut Sun,Los Angeles Sparks,77,60,False,False,2022
401391669,2022-05-15,Minnesota Lynx,Chicago Sky,78,82,False,False,2022
401391670,2022-05-15,New York Liberty,Dallas Wings,71,81,False,False,2022
401391671,2022-05-15,Indiana Fever,Atlanta Dream,79,85,False,False,2022
401391672,2022-05-17,New York Liberty,Connecticut Sun,65,92,False,False,2022
401391673,2022-05-17,Indiana Fever,Atlanta Dream,79,101,False,False,2022
401391674,2022-05-18,Dallas Wings,Washington Mystics,68,84,False,False,2022
401391675,2022-05-18,Las Vegas Aces,Phoenix Mercury,86,74,False,False,2022
401391676,2022-05-18,Los Angeles Sparks,Minnesota Lynx,84,87,False,False,2022
401391677,2022-05-19,Seattle Storm,Chicago Sky,74,71,False,False,2022
401391678,2022-05-20,Las Vegas Aces,Minnesota Lynx,93,87,False,False,2022
401391679,2022-05-20,Phoenix Mercury,Dallas Wings,84,94,False,False,2022
401391680,2022-05-20,Connecticut Sun,Indiana Fever,94,85,False,False,2022
401391681,2022-05-20,Atlanta Dream,Washington Mystics,73,78,False,False,2022
401391682,2022-05-21,Seattle Storm,Los Angeles Sparks,83,80,False,False,2022
401391683,2022-05-21,Las Vegas Aces,Phoenix Mercury,100,80,False,False,2022
401391684,2022-05-22,Dallas Wings,Minnesota Lynx,94,78,False,False,2022
401391685,2022-05-22,Indiana Fever,Connecticut Sun,70,92,False,False,2022
401391686,2022-05-22,Washington Mystics,Chicago Sky,73,82,False,False,2022
401391687,2022-05-24,Las Vegas Aces,Los Angeles Sparks,104,76,False,False,2022
401391688,2022-05-24,Connecticut Sun,Dallas Wings,77,85,False,False,2022
401391689,2022-05-24,Washington Mystics,Atlanta Dream,70,50,False,False,2022
401391690,2022-05-25,Chicago Sky,Indiana Fever,95,90,False,False,2022
401391691,2022-05-25,Minnesota Lynx,New York Liberty,84,78,False,False,2022
401391692,2022-05-26,Los Angeles Sparks,Phoenix Mercury,99,94,False,False,2022
401391693,2022-05-26,Connecticut Sun,Dallas Wings,99,68,False,False,2022
401391694,2022-05-27,Indiana Fever,Los Angeles Sparks,101,96,False,False,2022
401391695,2022-05-28,Seattle Storm,New York Liberty,79,71,False,False,2022
401391696,2022-05-28,Chicago Sky,Las Vegas Aces,76,83,False,False,2022
401391697,2022-05-28,Connecticut Sun,Washington Mystics,79,71,False,False,2022
401391698,2022-05-29,Atlanta Dream,Phoenix Mercury,81,54,False,False,2022
401391699,2022-05-29,Seattle Storm,New York Liberty,92,61,False,False,2022
401391700,2022-05-29,Minnesota Lynx,Los Angeles Sparks,83,85,False,False,2022
401391701,2022-05-31,Indiana Fever,Washington Mystics,75,87,False,False,2022
401391702,2022-05-31,Chicago Sky,Phoenix Mercury,73,70,False,False,2022
401391703,2022-06-01,Las Vegas Aces,Connecticut Sun,89,81,False,False,2022
401391704,2022-06-01,Los Angeles Sparks,Dallas Wings,93,91,False,False,2022
401391705,2022-06-01,Atlanta Dream,Minnesota Lynx,84,76,False,False,2022
401391706,2022-06-01,New York Liberty,Indiana Fever,87,74,False,False,2022
401391707,2022-06-03,Las Vegas Aces,Connecticut Sun,90,97,False,False,2022
401391708,2022-06-03,Washington Mystics,New York Liberty,70,74,False,False,2022
401391709,2022-06-03,Atlanta Dream,Chicago Sky,65,73,False,False,2022
401391710,2022-06-04,Phoenix Mercury,Connecticut Sun,88,92,False,False,2022
401391711,2022-06-04,Seattle Storm,Dallas Wings,51,68,False,False,2022
401391712,2022-06-05,New York Liberty,Minnesota Lynx,77,84,False,False,2022
401391713,2022-06-05,Atlanta Dream,Indiana Fever,75,66,False,False,2022
401391714,2022-06-05,Chicago Sky,Washington Mystics,91,82,False,False,2022
401391715,2022-06-05,Las Vegas Aces,Dallas Wings,84,78,False,False,2022
401391716,2022-06-05,Phoenix Mercury,Los Angeles Sparks,81,74,False,False,2022
401391717,2022-06-05,Seattle Storm,Connecticut Sun,86,93,False,False,2022
401391718,2022-06-08,New York Liberty,Minnesota Lynx,88,69,False,False,2022
401391719,2022-06-08,Seattle Storm,Atlanta Dream,72,60,False,False,2022
401391720,2022-06-08,Connecticut Sun,Indiana Fever,88,69,False,False,2022
401391721,2022-06-09,Washington Mystics,Chicago Sky,84,82,False,False,2022
401391722,2022-06-10,Connecticut Sun,Chicago Sky,79,83,False,False,2022
401391723,2022-06-10,Indiana Fever,New York Liberty,83,97,False,False,2022
401391724,2022-06-11,Dallas Wings,Seattle Storm,88,89,False,False,2022
401391725,2022-06-11,Minnesota Lynx,Washington Mystics,59,76,False,False,2022
401391726,2022-06-11,Phoenix Mercury,Atlanta Dream,90,88,False,False,2022
401391727,2022-06-12,Los Angeles Sparks,Las Vegas Aces,72,89,False,False,2022
401391728,2022-06-12,New York Liberty,Chicago Sky,86,88,False,False,2022
401391729,2022-06-12,Dallas Wings,Seattle Storm,79,84,False,False,2022
401391730,2022-06-12,Washington Mystics,Phoenix Mercury,90,99,False,False,2022
401391731,2022-06-12,Minnesota Lynx,Indiana Fever,80,84,False,False,2022
401391732,2022-06-14,Washington Mystics,Phoenix Mercury,83,65,False,False,2022
401391733,2022-06-15,Minnesota Lynx,Seattle Storm,79,81,False,False,2022
401391734,2022-06-15,Dallas Wings,Las Vegas Aces,84,92,False,False,2022
401391735,2022-06-15,Connecticut Sun,Atlanta Dream,105,92,False,False,2022
401391736,2022-06-15,Indiana Fever,Phoenix Mercury,80,93,False,False,2022
401391737,2022-06-16,New York Liberty,Washington Mystics,77,65,False,False,2022
401391738,2022-06-17,Connecticut Sun,Seattle Storm,82,71,False,False,2022
401391739,2022-06-18,Dallas Wings,Phoenix Mercury,93,88,False,False,2022
401391740,2022-06-18,Chicago Sky,Atlanta Dream,106,100,False,False,2022
401391741,2022-06-19,New York Liberty,Seattle Storm,72,81,False,False,2022
401391743,2022-06-19,Washington Mystics,Connecticut Sun,71,63,False,False,2022
401391742,2022-06-19,Indiana Fever,Chicago Sky,89,87,False,False,2022
401391744,2022-06-19,Dallas Wings,Los Angeles Sparks,92,82,False,False,2022
401391745,2022-06-19,Las Vegas Aces,Minnesota Lynx,96,95,False,False,2022
401391746,2022-06-21,Atlanta Dream,Dallas Wings,80,75,False,False,2022
401391747,2022-06-22,Las Vegas Aces,Chicago Sky,95,104,False,False,2022
401391748,2022-06-22,Phoenix Mercury,Minnesota Lynx,71,84,False,False,2022
401391749,2022-06-22,Los Angeles Sparks,Washington Mystics,84,82,False,False,2022
401391750,2022-06-22,Connecticut Sun,New York Liberty,77,81,False,False,2022
401391751,2022-06-24,Dallas Wings,Indiana Fever,94,68,False,False,2022
401391752,2022-06-24,Minnesota Lynx,Phoenix Mercury,100,88,False,False,2022
401391753,2022-06-24,Seattle Storm,Washington Mystics,85,71,False,False,2022
401391754,2022-06-24,Los Angeles Sparks,Chicago Sky,59,82,False,False,2022
401391755,2022-06-24,Atlanta Dream,New York Liberty,77,89,False,False,2022
401391756,2022-06-26,Dallas Wings,Phoenix Mercury,72,83,False,False,2022
401391757,2022-06-26,Seattle Storm,Los Angeles Sparks,77,85,False,False,2022
401391758,2022-06-26,Las Vegas Aces,Washington Mystics,86,87,False,False,2022
401391759,2022-06-26,Atlanta Dream,Connecticut Sun,61,72,False,False,2022
401391760,2022-06-26,Chicago Sky,Minnesota Lynx,88,85,False,False,2022
401391761,2022-06-28,Phoenix Mercury,Indiana Fever,83,71,False,False,2022
401391762,2022-06-28,Los Angeles Sparks,Las Vegas Aces,73,79,False,False,2022
401391763,2022-06-28,Washington Mystics,Atlanta Dream,92,74,False,False,2022
401391764,2022-06-29,Minnesota Lynx,Dallas Wings,92,64,False,False,2022
401391765,2022-06-29,Chicago Sky,Connecticut Sun,91,83,False,False,2022
401391766,2022-06-30,Phoenix Mercury,Indiana Fever,99,78,False,False,2022
401391767,2022-06-30,Seattle Storm,Las Vegas Aces,88,78,False,False,2022
401391768,2022-06-30,New York Liberty,Atlanta Dream,81,92,False,False,2022
401391769,2022-07-02,Dallas Wings,Los Angeles Sparks,89,97,False,False,2022
401391770,2022-07-02,Minnesota Lynx,Las Vegas Aces,85,91,False,False,2022
401391771,2022-07-02,Seattle Storm,Indiana Fever,73,57,False,False,2022
401391772,2022-07-02,Chicago Sky,Phoenix Mercury,91,75,False,False,2022
401391773,2022-07-03,Connecticut Sun,Washington Mystics,74,72,False,False,2022
401391774,2022-07-03,Atlanta Dream,Seattle Storm,90,76,False,False,2022
401391776,2022-07-03,Los Angeles Sparks,New York Liberty,84,74,False,False,2022
401391775,2022-07-03,Minnesota Lynx,Las Vegas Aces,102,71,False,False,2022
401391777,2022-07-04,Los Angeles Sparks,Phoenix Mercury,78,75,False,False,2022
401391778,2022-07-05,Indiana Fever,Seattle Storm,73,95,False,False,2022
401391779,2022-07-06,Dallas Wings,Connecticut Sun,82,71,False,False,2022
401391780,2022-07-06,Minnesota Lynx,Chicago Sky,81,78,False,False,2022
401391781,2022-07-07,Atlanta Dream,Washington Mystics,66,85,False,False,2022
401391782,2022-07-07,Las Vegas Aces,New York Liberty,107,116,False,False,2022
401391783,2022-07-07,Indiana Fever,Chicago Sky,84,93,False,False,2022
401391784,2022-07-08,Phoenix Mercury,New York Liberty,84,81,False,False,2022
401391785,2022-07-08,Los Angeles Sparks,Seattle Storm,69,106,False,False,2022
401391786,2022-07-12,Seattle Storm,Dallas Wings,83,74,False,False,2022
401391787,2022-07-12,New York Liberty,Las Vegas Aces,101,107,False,False,2022
401391788,2022-07-13,Chicago Sky,Atlanta Dream,90,75,False,False,2022
401391789,2022-07-13,Minnesota Lynx,Phoenix Mercury,118,107,False,False,2022
401391790,2022-07-13,Los Angeles Sparks,Washington Mystics,81,94,False,False,2022
401391791,2022-07-13,Indiana Fever,Connecticut Sun,81,89,False,False,2022
401391792,2022-07-14,New York Liberty,Las Vegas Aces,74,108,False,False,2022
401391793,2022-07-15,Minnesota Lynx,Dallas Wings,87,92,False,False,2022
401391794,2022-07-15,Phoenix Mercury,Washington Mystics,80,75,False,False,2022
401391795,2022-07-15,Los Angeles Sparks,Chicago Sky,68,80,False,False,2022
401391796,2022-07-15,Indiana Fever,Minnesota Lynx,77,87,False,False,2022
401391797,2022-07-15,Atlanta Dream,Connecticut Sun,68,93,False,False,2022
401391798,2022-07-17,Dallas Wings,Chicago Sky,81,89,False,False,2022
401391799,2022-07-17,Connecticut Sun,Las Vegas Aces,83,91,False,False,2022
401391800,2022-07-17,Washington Mystics,Minnesota Lynx,70,57,False,False,2022
401391801,2022-07-17,Phoenix Mercury,Atlanta Dream,75,85,False,False,2022
401391802,2022-07-17,Seattle Storm,Indiana Fever,81,65,False,False,2022
401391803,2022-07-19,Connecticut Sun,New York Liberty,82,63,False,False,2022
401391804,2022-07-20,Las Vegas Aces,Atlanta Dream,76,92,False,False,2022
401391805,2022-07-20,Los Angeles Sparks,Indiana Fever,86,79,False,False,2022
401391806,2022-07-20,Chicago Sky,Seattle Storm,78,74,False,False,2022
401391807,2022-07-21,Washington Mystics,New York Liberty,78,69,False,False,2022
401391808,2022-07-21,Los Angeles Sparks,Atlanta Dream,85,78,False,False,2022
401391809,2022-07-22,Las Vegas Aces,Indiana Fever,90,77,False,False,2022
401391810,2022-07-23,Minnesota Lynx,Connecticut Sun,84,94,False,False,2022
401391811,2022-07-23,Chicago Sky,Dallas Wings,89,83,False,False,2022
401391812,2022-07-23,Phoenix Mercury,Seattle Storm,94,78,False,False,2022
401391813,2022-07-23,New York Liberty,Chicago Sky,83,80,False,False,2022
401391814,2022-07-24,Las Vegas Aces,Los Angeles Sparks,84,66,False,False,2022
401391815,2022-07-24,Indiana Fever,Dallas Wings,86,96,False,False,2022
401391816,2022-07-24,Seattle Storm,Atlanta Dream,82,72,False,False,2022
401391817,2022-07-24,Minnesota Lynx,Connecticut Sun,79,86,False,False,2022
401430112,2022-07-27,Chicago Sky,Las Vegas Aces,83,93,False,False,2022
401391818,2022-07-28,Atlanta Dream,Minnesota Lynx,85,92,False,False,2022
401391819,2022-07-28,Connecticut Sun,Seattle Storm,88,83,False,False,2022
401391820,2022-07-29,Dallas Wings,Washington Mystics,77,87,False,False,2022
401391821,2022-07-29,Phoenix Mercury,Los Angeles Sparks,90,80,False,False,2022
401391822,2022-07-29,Indiana Fever,Las Vegas Aces,72,93,False,False,2022
401391823,2022-07-30,Chicago Sky,New York Liberty,89,81,False,False,2022
401391824,2022-07-30,Washington Mystics,Seattle Storm,77,82,False,False,2022
401391825,2022-07-30,Atlanta Dream,Dallas Wings,68,81,False,False,2022
401391826,2022-07-31,Connecticut Sun,Chicago Sky,92,95,False,False,2022
401391827,2022-07-31,New York Liberty,Phoenix Mercury,89,69,False,False,2022
401391828,2022-07-31,Indiana Fever,Las Vegas Aces,69,94,False,False,2022
401391829,2022-07-31,Washington Mystics,Seattle Storm,78,75,False,False,2022
401391830,2022-07-31,Los Angeles Sparks,Minnesota Lynx,77,84,False,False,2022
401391831,2022-08-02,Connecticut Sun,Phoenix Mercury,87,63,False,False,2022
401391832,2022-08-02,New York Liberty,Los Angeles Sparks,102,73,False,False,2022
401391833,2022-08-02,Washington Mystics,Las Vegas Aces,83,73,False,False,2022
401391834,2022-08-03,Chicago Sky,Dallas Wings,78,84,False,False,2022
401391835,2022-08-03,Atlanta Dream,Indiana Fever,91,81,False,False,2022
401391836,2022-08-03,New York Liberty,Los Angeles Sparks,64,61,False,False,2022
401391837,2022-08-04,Seattle Storm,Minnesota Lynx,89,77,False,False,2022
401391838,2022-08-04,Connecticut Sun,Phoenix Mercury,77,64,False,False,2022
401391839,2022-08-05,Dallas Wings,Las Vegas Aces,82,80,False,False,2022
401391840,2022-08-05,Atlanta Dream,Los Angeles Sparks,88,86,False,False,2022
401391841,2022-08-06,Chicago Sky,Washington Mystics,93,83,False,False,2022
401391842,2022-08-07,Dallas Wings,Indiana Fever,95,91,False,False,2022
401391843,2022-08-07,Phoenix Mercury,New York Liberty,76,62,False,False,2022
401391844,2022-08-07,Chicago Sky,Connecticut Sun,94,91,False,False,2022
401391845,2022-08-07,Washington Mystics,Los Angeles Sparks,76,79,False,False,2022
401391846,2022-08-07,Seattle Storm,Las Vegas Aces,81,89,False,False,2022
401391847,2022-08-07,Minnesota Lynx,Atlanta Dream,81,71,False,False,2022
401391848,2022-08-09,Dallas Wings,New York Liberty,86,77,False,False,2022
401391849,2022-08-10,Chicago Sky,Seattle Storm,100,111,False,False,2022
401391850,2022-08-10,Las Vegas Aces,Atlanta Dream,97,90,False,False,2022
401391851,2022-08-10,Los Angeles Sparks,Connecticut Sun,71,97,False,False,2022
401391852,2022-08-11,Dallas Wings,New York Liberty,73,91,False,False,2022
401391853,2022-08-11,Phoenix Mercury,Minnesota Lynx,77,86,False,False,2022
401391854,2022-08-12,Las Vegas Aces,Chicago Sky,89,78,False,False,2022
401391855,2022-08-12,Los Angeles Sparks,Connecticut Sun,69,93,False,False,2022
401391856,2022-08-12,Indiana Fever,Washington Mystics,70,82,False,False,2022
401391857,2022-08-12,Atlanta Dream,New York Liberty,70,80,False,False,2022
401391858,2022-08-13,Minnesota Lynx,Seattle Storm,69,96,False,False,2022
401391859,2022-08-13,Phoenix Mercury,Dallas Wings,86,74,False,False,2022
401391860,2022-08-14,Connecticut Sun,Minnesota Lynx,90,83,False,False,2022
401391861,2022-08-14,New York Liberty,Atlanta Dream,87,83,False,False,2022
401391862,2022-08-14,Washington Mystics,Indiana Fever,95,83,False,False,2022
401391864,2022-08-14,Las Vegas Aces,Seattle Storm,109,100,False,False,2022
401391863,2022-08-14,Phoenix Mercury,Chicago Sky,67,82,False,False,2022
401391865,2022-08-14,Los Angeles Sparks,Dallas Wings,88,116,False,False,2022
401455627,2022-08-18,Chicago Sky,New York Liberty,91,98,True,False,2022
401455628,2022-08-18,Las Vegas Aces,Phoenix Mercury,79,63,True,False,2022
401455629,2022-08-19,Connecticut Sun,Dallas Wings,93,68,True,False,2022
401455650,2022-08-19,Seattle Storm,Washington Mystics,86,83,True,False,2022
401455651,2022-08-20,Chicago Sky,New York Liberty,100,62,True,False,2022
401455652,2022-08-21,Las Vegas Aces,Phoenix Mercury,117,80,True,False,2022
401455653,2022-08-21,Connecticut Sun,Dallas Wings,79,89,True,False,2022
401455654,2022-08-21,Seattle Storm,Washington Mystics,97,84,True,False,2022
401455657,2022-08-24,New York Liberty,Chicago Sky,72,90,True,False,2022
401455659,2022-08-25,Dallas Wings,Connecticut Sun,58,73,True,False,2022
401455660,2022-08-28,Las Vegas Aces,Seattle Storm,73,76,True,False,2022
401455661,2022-08-29,Chicago Sky,Connecticut Sun,63,68,True,False,2022
401455671,2022-09-01,Chicago Sky,Connecticut Sun,85,77,True,False,2022
401455674,2022-09-01,Las Vegas Aces,Seattle Storm,78,73,True,False,2022
401455675,2022-09-04,Connecticut Sun,Chicago Sky,72,76,True,False,2022
401455676,2022-09-04,Seattle Storm,Las Vegas Aces,98,110,True,False,2022
401455677,2022-09-07,Connecticut Sun,Chicago Sky,104,80,True,False,2022
401455678,2022-09-07,Seattle Storm,Las Vegas Aces,92,97,True,False,2022
401455679,2022-09-09,Chicago Sky,Connecticut Sun,63,72,True,False,2022
401455681,2022-09-11,Las Vegas Aces,Connecticut Sun,67,64,True,False,2022
401455682,2022-09-14,Las Vegas Aces,Connecticut Sun,85,71,True,False,2022
401455683,2022-09-16,Connecticut Sun,Las Vegas Aces,105,76,True,False,2022
401455684,2022-09-18,Connecticut Sun,Las Vegas Aces,71,78,True,False,2022
401507130,2023-05-19,Indiana Fever,Connecticut Sun,61,70,False,False,2023
401507131,2023-05-19,Washington Mystics,New York Liberty,80,64,False,False,2023
401507132,2023-05-20,Minnesota Lynx,Chicago Sky,66,77,False,False,2023
401507133,2023-05-20,Los Angeles Sparks,Phoenix Mercury,94,71,False,False,2023
401507135,2023-05-20,Dallas Wings,Atlanta Dream,85,78,False,False,2023
401507134,2023-05-20,Seattle Storm,Las Vegas Aces,64,105,False,False,2023
401507136,2023-05-21,Connecticut Sun,Washington Mystics,80,74,False,False,2023
401507137,2023-05-21,New York Liberty,Indiana Fever,90,73,False,False,2023
401507138,2023-05-21,Phoenix Mercury,Chicago Sky,69,75,False,False,2023
401507139,2023-05-23,Washington Mystics,Connecticut Sun,81,88,False,False,2023
401507140,2023-05-24,Minnesota Lynx,Atlanta Dream,77,83,False,False,2023
401507141,2023-05-26,Los Angeles Sparks,Las Vegas Aces,85,94,False,False,2023
401507142,2023-05-26,Phoenix Mercury,Minnesota Lynx,90,81,False,False,2023
401507143,2023-05-27,Chicago Sky,Washington Mystics,69,71,False,False,2023
401507144,2023-05-27,Seattle Storm,Dallas Wings,91,95,False,False,2023
401507145,2023-05-27,New York Liberty,Connecticut Sun,81,65,False,False,2023
401507146,2023-05-28,Las Vegas Aces,Los Angeles Sparks,93,65,False,False,2023
401507147,2023-05-28,Atlanta Dream,Indiana Fever,87,90,False,False,2023
401507148,2023-05-28,Chicago Sky,Dallas Wings,94,88,False,False,2023
401507149,2023-05-29,Las Vegas Aces,Minnesota Lynx,94,73,False,False,2023
401507150,2023-05-30,Atlanta Dream,Chicago Sky,83,65,False,False,2023
401507151,2023-05-30,Connecticut Sun,Indiana Fever,81,78,False,False,2023
401507152,2023-05-31,Dallas Wings,Minnesota Lynx,94,89,False,False,2023
401507153,2023-05-31,Seattle Storm,New York Liberty,78,86,False,False,2023
401507154,2023-06-02,Minnesota Lynx,Connecticut Sun,84,89,False,False,2023
401507157,2023-06-02,Chicago Sky,New York Liberty,76,77,False,False,2023
401507155,2023-06-02,Washington Mystics,Dallas Wings,75,74,False,False,2023
401507156,2023-06-03,Atlanta Dream,Las Vegas Aces,87,92,False,False,2023
401507158,2023-06-03,Phoenix Mercury,Los Angeles Sparks,93,99,False,False,2023
401507159,2023-06-03,Washington Mystics,Minnesota Lynx,78,80,False,False,2023
401507160,2023-06-04,Los Angeles Sparks,Seattle Storm,92,85,False,False,2023
401507161,2023-06-04,Connecticut Sun,Dallas Wings,80,74,False,False,2023
401507162,2023-06-04,New York Liberty,Chicago Sky,82,86,False,False,2023
401507163,2023-06-04,Indiana Fever,Las Vegas Aces,80,84,False,False,2023
401507164,2023-06-06,Connecticut Sun,Las Vegas Aces,84,90,False,False,2023
401507165,2023-06-07,Chicago Sky,Indiana Fever,108,103,False,False,2023
401507166,2023-06-07,Seattle Storm,Los Angeles Sparks,66,63,False,False,2023
401507168,2023-06-08,Dallas Wings,Phoenix Mercury,84,79,False,False,2023
401507169,2023-06-08,Connecticut Sun,Las Vegas Aces,94,77,False,False,2023
401507170,2023-06-09,Atlanta Dream,New York Liberty,83,106,False,False,2023
401507171,2023-06-10,Dallas Wings,Phoenix Mercury,90,77,False,False,2023
401507172,2023-06-10,Minnesota Lynx,Indiana Fever,69,71,False,False,2023
401507173,2023-06-10,Los Angeles Sparks,Chicago Sky,77,62,False,False,2023
401507174,2023-06-10,Seattle Storm,Washington Mystics,66,73,False,False,2023
401507175,2023-06-11,New York Liberty,Dallas Wings,102,93,False,False,2023
401507176,2023-06-11,Las Vegas Aces,Chicago Sky,93,80,False,False,2023
401507179,2023-06-11,Seattle Storm,Washington Mystics,65,71,False,False,2023
401507177,2023-06-11,Atlanta Dream,Connecticut Sun,77,89,False,False,2023
401507178,2023-06-11,Indiana Fever,Phoenix Mercury,82,85,False,False,2023
401507180,2023-06-11,Minnesota Lynx,Los Angeles Sparks,91,86,False,False,2023
401507181,2023-06-13,Indiana Fever,Washington Mystics,87,66,False,False,2023
401507182,2023-06-14,New York Liberty,Atlanta Dream,79,86,False,False,2023
401507183,2023-06-14,Phoenix Mercury,Seattle Storm,69,83,False,False,2023
401507184,2023-06-14,Dallas Wings,Los Angeles Sparks,61,79,False,False,2023
401507185,2023-06-15,Connecticut Sun,Atlanta Dream,88,92,False,False,2023
401507186,2023-06-16,Chicago Sky,Indiana Fever,90,92,False,False,2023
401507187,2023-06-16,Las Vegas Aces,Seattle Storm,96,63,False,False,2023
401507188,2023-06-17,Washington Mystics,Phoenix Mercury,88,69,False,False,2023
401507189,2023-06-17,Los Angeles Sparks,Minnesota Lynx,72,77,False,False,2023
401507190,2023-06-17,Dallas Wings,Seattle Storm,103,109,False,False,2023
401507191,2023-06-18,New York Liberty,Phoenix Mercury,89,71,False,False,2023
401507192,2023-06-18,Washington Mystics,Chicago Sky,77,69,False,False,2023
401507193,2023-06-18,Indiana Fever,Atlanta Dream,94,100,False,False,2023
401507194,2023-06-18,Los Angeles Sparks,Connecticut Sun,74,83,False,False,2023
401507195,2023-06-19,Las Vegas Aces,Minnesota Lynx,93,62,False,False,2023
401507196,2023-06-21,Dallas Wings,Atlanta Dream,85,73,False,False,2023
401507197,2023-06-21,Los Angeles Sparks,Minnesota Lynx,61,67,False,False,2023
401507198,2023-06-21,Seattle Storm,Connecticut Sun,79,85,False,False,2023
401507199,2023-06-21,Phoenix Mercury,Las Vegas Aces,79,99,False,False,2023
401507200,2023-06-23,Chicago Sky,Washington Mystics,59,80,False,False,2023
401507201,2023-06-23,Minnesota Lynx,Connecticut Sun,68,89,False,False,2023
401507202,2023-06-23,Seattle Storm,Indiana Fever,68,80,False,False,2023
401507203,2023-06-23,Atlanta Dream,New York Liberty,80,110,False,False,2023
401507204,2023-06-24,Los Angeles Sparks,Dallas Wings,76,74,False,False,2023
401507205,2023-06-25,Las Vegas Aces,Indiana Fever,101,88,False,False,2023
401507206,2023-06-25,Seattle Storm,Phoenix Mercury,97,74,False,False,2023
401507207,2023-06-25,Connecticut Sun,Chicago Sky,96,72,False,False,2023
401507208,2023-06-25,New York Liberty,Washington Mystics,89,88,False,False,2023
401507209,2023-06-25,Los Angeles Sparks,Dallas Wings,93,83,False,False,2023
401507210,2023-06-27,Las Vegas Aces,Indiana Fever,88,80,False,False,2023
401507211,2023-06-27,Connecticut Sun,New York Liberty,81,89,False,False,2023
401507212,2023-06-28,Minnesota Lynx,Seattle Storm,104,93,False,False,2023
401507213,2023-06-28,Phoenix Mercury,Dallas Wings,62,77,False,False,2023
401507214,2023-06-28,Chicago Sky,Los Angeles Sparks,80,63,False,False,2023
401507215,2023-06-28,Washington Mystics,Atlanta Dream,109,86,False,False,2023
401507216,2023-06-30,Las Vegas Aces,New York Liberty,98,81,False,False,2023
401507217,2023-06-30,Phoenix Mercury,Indiana Fever,85,63,False,False,2023
401507218,2023-06-30,Seattle Storm,Minnesota Lynx,97,99,False,False,2023
401507219,2023-06-30,Atlanta Dream,Washington Mystics,94,89,False,False,2023
401507220,2023-07-01,Chicago Sky,Los Angeles Sparks,86,78,False,False,2023
401507221,2023-07-01,Las Vegas Aces,Connecticut Sun,102,84,False,False,2023
401507222,2023-07-02,Phoenix Mercury,Minnesota Lynx,76,86,False,False,2023
401507223,2023-07-02,Atlanta Dream,Los Angeles Sparks,112,84,False,False,2023
401507225,2023-07-02,Dallas Wings,Washington Mystics,89,72,False,False,2023
401507224,2023-07-02,Indiana Fever,Chicago Sky,87,89,False,False,2023
401507226,2023-07-02,Seattle Storm,New York Liberty,66,81,False,False,2023
401507227,2023-07-05,New York Liberty,Phoenix Mercury,99,95,False,False,2023
401507228,2023-07-06,Minnesota Lynx,Indiana Fever,90,83,False,False,2023
401507229,2023-07-06,Las Vegas Aces,Dallas Wings,89,82,False,False,2023
401507230,2023-07-06,Los Angeles Sparks,Atlanta Dream,79,90,False,False,2023
401507231,2023-07-06,Connecticut Sun,Seattle Storm,93,73,False,False,2023
401507232,2023-07-07,Washington Mystics,Indiana Fever,96,88,False,False,2023
401507233,2023-07-08,Chicago Sky,Atlanta Dream,68,82,False,False,2023
401507234,2023-07-08,Dallas Wings,Las Vegas Aces,80,78,False,False,2023
401507235,2023-07-08,Minnesota Lynx,Phoenix Mercury,75,64,False,False,2023
401507236,2023-07-08,New York Liberty,Seattle Storm,80,76,False,False,2023
401507237,2023-07-09,Connecticut Sun,Washington Mystics,92,84,False,False,2023
401507238,2023-07-09,Indiana Fever,Dallas Wings,76,77,False,False,2023
401507239,2023-07-09,Phoenix Mercury,Los Angeles Sparks,78,72,False,False,2023
401507240,2023-07-09,Minnesota Lynx,Las Vegas Aces,89,113,False,False,2023
401507241,2023-07-10,Chicago Sky,Atlanta Dream,77,88,False,False,2023
401507242,2023-07-11,Washington Mystics,Seattle Storm,93,86,False,False,2023
401507243,2023-07-12,Las Vegas Aces,Phoenix Mercury,98,72,False,False,2023
401507244,2023-07-12,Indiana Fever,New York Liberty,87,95,False,False,2023
401507245,2023-07-12,Chicago Sky,Connecticut Sun,72,84,False,False,2023
401507246,2023-07-12,Minnesota Lynx,Dallas Wings,67,107,False,False,2023
401507247,2023-07-12,Atlanta Dream,Seattle Storm,85,75,False,False,2023
401507248,2023-07-13,Los Angeles Sparks,Las Vegas Aces,78,97,False,False,2023
401507249,2023-07-18,Atlanta Dream,Minnesota Lynx,82,73,False,False,2023
401507250,2023-07-19,Phoenix Mercury,Connecticut Sun,72,66,False,False,2023
401507251,2023-07-19,Washington Mystics,Indiana Fever,76,82,False,False,2023
401507252,2023-07-19,New York Liberty,Dallas Wings,88,98,False,False,2023
401507253,2023-07-20,Connecticut Sun,Atlanta Dream,82,71,False,False,2023
401507254,2023-07-21,Minnesota Lynx,Los Angeles Sparks,73,70,False,False,2023
401507255,2023-07-21,Phoenix Mercury,Chicago Sky,80,62,False,False,2023
401507256,2023-07-21,Seattle Storm,Las Vegas Aces,63,79,False,False,2023
401507257,2023-07-21,Washington Mystics,New York Liberty,87,96,False,False,2023
401507258,2023-07-22,Atlanta Dream,Connecticut Sun,78,86,False,False,2023
401507261,2023-07-22,Minnesota Lynx,Las Vegas Aces,81,98,False,False,2023
401507260,2023-07-23,Dallas Wings,Los Angeles Sparks,98,84,False,False,2023
401507259,2023-07-23,Seattle Storm,Chicago Sky,75,90,False,False,2023
401507263,2023-07-23,Washington Mystics,Phoenix Mercury,84,69,False,False,2023
401507262,2023-07-23,New York Liberty,Indiana Fever,101,83,False,False,2023
401507264,2023-07-25,Atlanta Dream,Phoenix Mercury,78,65,False,False,2023
401507265,2023-07-25,New York Liberty,Seattle Storm,86,82,False,False,2023
401507266,2023-07-25,Chicago Sky,Las Vegas Aces,95,107,False,False,2023
401507267,2023-07-26,Dallas Wings,Connecticut Sun,83,88,False,False,2023
401507268,2023-07-26,Los Angeles Sparks,Indiana Fever,79,78,False,False,2023
401507269,2023-07-27,Minnesota Lynx,Washington Mystics,97,92,False,False,2023
401507270,2023-07-27,Los Angeles Sparks,Indiana Fever,81,68,False,False,2023
401507271,2023-07-27,New York Liberty,Atlanta Dream,95,84,False,False,2023
401507272,2023-07-29,Chicago Sky,Seattle Storm,74,83,False,False,2023
401507273,2023-07-29,Dallas Wings,Washington Mystics,90,62,False,False,2023
401558197,2023-07-29,New York Liberty,Minnesota Lynx,83,88,False,False,2023
401507274,2023-07-30,Connecticut Sun,Minnesota Lynx,83,87,False,False,2023
401507275,2023-07-30,Atlanta Dream,Washington Mystics,80,73,False,False,2023
401507276,2023-07-30,Indiana Fever,Seattle Storm,62,85,False,False,2023
401507277,2023-07-30,Chicago Sky,Phoenix Mercury,104,85,False,False,2023
401507279,2023-07-30,Los Angeles Sparks,New York Liberty,79,87,False,False,2023
401507278,2023-07-30,Las Vegas Aces,Dallas Wings,104,91,False,False,2023
401507280,2023-08-01,Connecticut Sun,Minnesota Lynx,79,69,False,False,2023
401507281,2023-08-01,Indiana Fever,Phoenix Mercury,72,71,False,False,2023
401507282,2023-08-02,Las Vegas Aces,Atlanta Dream,93,72,False,False,2023
401507283,2023-08-02,Los Angeles Sparks,New York Liberty,69,76,False,False,2023
401507284,2023-08-03,Seattle Storm,Dallas Wings,65,76,False,False,2023
401507285,2023-08-04,Phoenix Mercury,Atlanta Dream,91,71,False,False,2023
401507286,2023-08-04,Indiana Fever,Connecticut Sun,72,88,False,False,2023
401507287,2023-08-04,Washington Mystics,Los Angeles Sparks,79,77,False,False,2023
401507288,2023-08-05,Dallas Wings,Chicago Sky,89,104,False,False,2023
401507289,2023-08-05,Minnesota Lynx,New York Liberty,66,76,False,False,2023
401507290,2023-08-06,Phoenix Mercury,Seattle Storm,91,97,False,False,2023
401507291,2023-08-06,Atlanta Dream,Indiana Fever,82,73,False,False,2023
401507292,2023-08-06,New York Liberty,Las Vegas Aces,99,61,False,False,2023
401507293,2023-08-06,Washington Mystics,Los Angeles Sparks,83,91,False,False,2023
401507294,2023-08-06,Dallas Wings,Chicago Sky,96,104,False,False,2023
401507295,2023-08-08,Seattle Storm,Connecticut Sun,69,81,False,False,2023
401507296,2023-08-08,Indiana Fever,Los Angeles Sparks,80,87,False,False,2023
401507297,2023-08-09,Chicago Sky,Minnesota Lynx,79,88,False,False,2023
401507298,2023-08-09,Dallas Wings,Las Vegas Aces,84,104,False,False,2023
401507299,2023-08-09,Phoenix Mercury,Washington Mystics,91,72,False,False,2023
401507300,2023-08-10,Indiana Fever,Minnesota Lynx,91,73,False,False,2023
401507301,2023-08-11,Phoenix Mercury,Connecticut Sun,90,84,False,False,2023
401507302,2023-08-11,Seattle Storm,Atlanta Dream,68,67,False,False,2023
401507303,2023-08-12,New York Liberty,Chicago Sky,89,73,False,False,2023
401507304,2023-08-12,Las Vegas Aces,Washington Mystics,113,89,False,False,2023
401507305,2023-08-12,Los Angeles Sparks,Atlanta Dream,85,74,False,False,2023
401507306,2023-08-13,Dallas Wings,Connecticut Sun,91,81,False,False,2023
401507307,2023-08-13,Washington Mystics,Chicago Sky,83,76,False,False,2023
401507309,2023-08-13,Indiana Fever,New York Liberty,89,100,False,False,2023
401507308,2023-08-13,Seattle Storm,Phoenix Mercury,81,71,False,False,2023
401507310,2023-08-14,Las Vegas Aces,Atlanta Dream,86,65,False,False,2023
401507376,2023-08-16,Las Vegas Aces,New York Liberty,63,82,False,False,2023
401507311,2023-08-18,Las Vegas Aces,New York Liberty,88,75,False,False,2023
401507312,2023-08-18,Connecticut Sun,Dallas Wings,75,95,False,False,2023
401507313,2023-08-18,Indiana Fever,Washington Mystics,79,83,False,False,2023
401507314,2023-08-18,Atlanta Dream,Chicago Sky,78,67,False,False,2023
401507315,2023-08-19,Phoenix Mercury,New York Liberty,63,85,False,False,2023
401507316,2023-08-19,Seattle Storm,Minnesota Lynx,70,78,False,False,2023
401507317,2023-08-19,Las Vegas Aces,Los Angeles Sparks,72,78,False,False,2023
401507318,2023-08-20,Washington Mystics,Dallas Wings,84,97,False,False,2023
401507319,2023-08-20,Chicago Sky,Connecticut Sun,73,79,False,False,2023
401507320,2023-08-20,Phoenix Mercury,Indiana Fever,73,83,False,False,2023
401507321,2023-08-20,Minnesota Lynx,Seattle Storm,74,88,False,False,2023
401507322,2023-08-22,Atlanta Dream,Las Vegas Aces,100,112,False,False,2023
401507323,2023-08-22,Washington Mystics,Connecticut Sun,64,68,False,False,2023
401507324,2023-08-23,Chicago Sky,Seattle Storm,102,79,False,False,2023
401507325,2023-08-23,Minnesota Lynx,Dallas Wings,91,86,False,False,2023
401507326,2023-08-24,Los Angeles Sparks,Phoenix Mercury,91,62,False,False,2023
401507327,2023-08-24,Connecticut Sun,New York Liberty,90,95,False,False,2023
401507328,2023-08-24,Indiana Fever,Seattle Storm,90,86,False,False,2023
401507329,2023-08-25,Chicago Sky,Las Vegas Aces,87,94,False,False,2023
401507330,2023-08-25,Dallas Wings,Minnesota Lynx,81,90,False,False,2023
401507331,2023-08-26,Atlanta Dream,Los Angeles Sparks,78,83,False,False,2023
401507332,2023-08-26,Washington Mystics,Las Vegas Aces,78,62,False,False,2023
401507333,2023-08-27,Minnesota Lynx,New York Liberty,76,111,False,False,2023
401507334,2023-08-27,Connecticut Sun,Los Angeles Sparks,83,68,False,False,2023
401507335,2023-08-27,Indiana Fever,Atlanta Dream,83,80,False,False,2023
401507336,2023-08-27,Phoenix Mercury,Dallas Wings,74,77,False,False,2023
401507337,2023-08-27,Seattle Storm,Chicago Sky,85,90,False,False,2023
401507338,2023-08-28,New York Liberty,Las Vegas Aces,94,85,False,False,2023
401507339,2023-08-29,Atlanta Dream,Phoenix Mercury,94,76,False,False,2023
401507340,2023-08-29,Washington Mystics,Minnesota Lynx,83,72,False,False,2023
401507341,2023-08-30,Los Angeles Sparks,Chicago Sky,75,76,False,False,2023
401507342,2023-08-31,Connecticut Sun,Phoenix Mercury,84,74,False,False,2023
401507343,2023-09-01,Las Vegas Aces,Washington Mystics,84,75,False,False,2023
401507344,2023-09-01,Los Angeles Sparks,Seattle Storm,61,72,False,False,2023
401507345,2023-09-01,Indiana Fever,Dallas Wings,100,110,False,False,2023
401507346,2023-09-02,New York Liberty,Connecticut Sun,89,58,False,False,2023
401507347,2023-09-02,Minnesota Lynx,Atlanta Dream,91,85,False,False,2023
401507348,2023-09-03,Las Vegas Aces,Seattle Storm,103,77,False,False,2023
401507349,2023-09-03,Chicago Sky,New York Liberty,69,86,False,False,2023
401507350,2023-09-03,Dallas Wings,Indiana Fever,84,97,False,False,2023
401507351,2023-09-03,Minnesota Lynx,Phoenix Mercury,86,73,False,False,2023
401507352,2023-09-03,Los Angeles Sparks,Washington Mystics,72,64,False,False,2023
401507353,2023-09-05,Connecticut Sun,Los Angeles Sparks,90,76,False,False,2023
401507354,2023-09-05,Indiana Fever,Chicago Sky,69,96,False,False,2023
401507355,2023-09-06,Dallas Wings,New York Liberty,93,94,False,False,2023
401507356,2023-09-06,Phoenix Mercury,Washington Mystics,77,100,False,False,2023
401507357,2023-09-06,Atlanta Dream,Seattle Storm,79,68,False,False,2023
401507358,2023-09-07,New York Liberty,Los Angeles Sparks,96,89,False,False,2023
401507359,2023-09-08,Connecticut Sun,Indiana Fever,76,59,False,False,2023
401507360,2023-09-08,Washington Mystics,Atlanta Dream,75,80,False,False,2023
401507361,2023-09-09,Chicago Sky,Minnesota Lynx,92,87,False,False,2023
401507362,2023-09-09,Dallas Wings,Seattle Storm,106,91,False,False,2023
401507363,2023-09-09,Phoenix Mercury,Las Vegas Aces,73,94,False,False,2023
401507364,2023-09-10,Atlanta Dream,Dallas Wings,77,94,False,False,2023
401507365,2023-09-10,Connecticut Sun,Chicago Sky,91,102,False,False,2023
401507366,2023-09-10,Indiana Fever,Minnesota Lynx,87,72,False,False,2023
401507367,2023-09-10,New York Liberty,Washington Mystics,88,90,False,False,2023
401507368,2023-09-10,Las Vegas Aces,Phoenix Mercury,100,85,False,False,2023
401507369,2023-09-10,Seattle Storm,Los Angeles Sparks,89,91,False,False,2023
401578549,2023-09-14,Connecticut Sun,Minnesota Lynx,90,60,True,False,2023
401578550,2023-09-14,Las Vegas Aces,Chicago Sky,87,59,True,False,2023
401578551,2023-09-15,New York Liberty,Washington Mystics,90,75,True,False,2023
401578552,2023-09-16,Dallas Wings,Atlanta Dream,94,82,True,False,2023
401578553,2023-09-17,Connecticut Sun,Minnesota Lynx,75,82,True,False,2023
401578554,2023-09-17,Las Vegas Aces,Chicago Sky,92,70,True,False,2023
401578555,2023-09-19,New York Liberty,Washington Mystics,90,85,True,False,2023
401578556,2023-09-20,Dallas Wings,Atlanta Dream,101,74,True,False,2023
401578557,2023-09-21,Minnesota Lynx,Connecticut Sun,75,90,True,False,2023
401578561,2023-09-24,New York Liberty,Connecticut Sun,63,78,True,False,2023
401578562,2023-09-24,Las Vegas Aces,Dallas Wings,97,83,True,False,2023
401578563,2023-09-27,New York Liberty,Connecticut Sun,84,77,True,False,2023
401578564,2023-09-27,Las Vegas Aces,Dallas Wings,91,84,True,False,2023
401578565,2023-09-29,Connecticut Sun,New York Liberty,81,92,True,False,2023
401578566,2023-09-30,Dallas Wings,Las Vegas Aces,61,64,True,False,2023
401578567,2023-10-01,Connecticut Sun,New York Liberty,84,87,True,False,2023
401578571,2023-10-08,Las Vegas Aces,New York Liberty,99,82,True,False,2023
401578572,2023-10-12,Las Vegas Aces,New York Liberty,104,76,True,False,2023
401578573,2023-10-15,New York Liberty,Las Vegas Aces,87,73,True,False,2023
401578574,2023-10-19,New York Liberty,Las Vegas Aces,69,70,True,False,2023
401620178,2024-05-14,Washington Mystics,New York Liberty,80,85,False,False,2024
401620219,2024-05-14,Connecticut Sun,Indiana Fever,92,71,False,False,2024
401620220,2024-05-15,Las Vegas Aces,Phoenix Mercury,89,80,False,False,2024
401620221,2024-05-15,Seattle Storm,Minnesota Lynx,70,83,False,False,2024
401620222,2024-05-16,Dallas Wings,Chicago Sky,87,79,False,False,2024
401620223,2024-05-16,Los Angeles Sparks,Atlanta Dream,81,92,False,False,2024
401620224,2024-05-16,Indiana Fever,New York Liberty,66,102,False,False,2024
401620225,2024-05-17,Connecticut Sun,Washington Mystics,84,77,False,False,2024
401620226,2024-05-18,Minnesota Lynx,Seattle Storm,102,93,False,False,2024
401620227,2024-05-18,New York Liberty,Indiana Fever,91,80,False,False,2024
401620228,2024-05-18,Las Vegas Aces,Los Angeles Sparks,89,82,False,False,2024
401620229,2024-05-19,Dallas Wings,Chicago Sky,74,83,False,False,2024
401620230,2024-05-19,Phoenix Mercury,Atlanta Dream,88,85,False,False,2024
401620231,2024-05-19,Washington Mystics,Seattle Storm,75,84,False,False,2024
401620232,2024-05-20,Indiana Fever,Connecticut Sun,84,88,False,False,2024
401620233,2024-05-20,New York Liberty,Seattle Storm,74,63,False,False,2024
401620234,2024-05-21,Atlanta Dream,Dallas Wings,83,78,False,False,2024
401620235,2024-05-22,Las Vegas Aces,Phoenix Mercury,88,98,False,False,2024
401620236,2024-05-22,Los Angeles Sparks,Washington Mystics,70,68,False,False,2024
401620237,2024-05-23,Seattle Storm,Indiana Fever,85,83,False,False,2024
401620238,2024-05-23,Connecticut Sun,Minnesota Lynx,83,82,False,False,2024
401620239,2024-05-23,New York Liberty,Chicago Sky,81,90,False,False,2024
401620240,2024-05-24,Phoenix Mercury,Washington Mystics,83,80,False,False,2024
401620241,2024-05-25,Los Angeles Sparks,Indiana Fever,73,78,False,False,2024
401620242,2024-05-25,Minnesota Lynx,New York Liberty,84,67,False,False,2024
401620243,2024-05-26,Chicago Sky,Connecticut Sun,82,86,False,False,2024
401620244,2024-05-26,Las Vegas Aces,Indiana Fever,99,80,False,False,2024
401620245,2024-05-26,Seattle Storm,Washington Mystics,101,69,False,False,2024
401620246,2024-05-26,Phoenix Mercury,Dallas Wings,92,107,False,False,2024
401620247,2024-05-26,Atlanta Dream,Minnesota Lynx,79,92,False,False,2024
401620248,2024-05-27,Los Angeles Sparks,Dallas Wings,83,84,False,False,2024
401620249,2024-05-28,Connecticut Sun,Phoenix Mercury,70,47,False,False,2024
401620250,2024-05-28,Indiana Fever,Los Angeles Sparks,82,88,False,False,2024
401620251,2024-05-29,Chicago Sky,Seattle Storm,68,77,False,False,2024
401620252,2024-05-29,New York Liberty,Phoenix Mercury,81,78,False,False,2024
401620253,2024-05-29,Washington Mystics,Atlanta Dream,67,73,False,False,2024
401620254,2024-05-30,Minnesota Lynx,Las Vegas Aces,66,80,False,False,2024
401620255,2024-05-30,Indiana Fever,Seattle Storm,88,103,False,False,2024
401620256,2024-05-31,Chicago Sky,Los Angeles Sparks,83,73,False,False,2024
401620257,2024-05-31,Atlanta Dream,Las Vegas Aces,78,74,False,False,2024
401620258,2024-05-31,Connecticut Sun,Dallas Wings,74,72,False,False,2024
401620259,2024-05-31,New York Liberty,Washington Mystics,90,79,False,False,2024
401620260,2024-06-01,Minnesota Lynx,Phoenix Mercury,95,71,False,False,2024
401620261,2024-06-01,Indiana Fever,Chicago Sky,71,70,False,False,2024
401620262,2024-06-02,Atlanta Dream,Connecticut Sun,50,69,False,False,2024
401620265,2024-06-02,Phoenix Mercury,Los Angeles Sparks,87,68,False,False,2024
401620263,2024-06-02,New York Liberty,Indiana Fever,104,68,False,False,2024
401620264,2024-06-02,Minnesota Lynx,Dallas Wings,87,76,False,False,2024
401620266,2024-06-04,Connecticut Sun,Washington Mystics,76,59,False,False,2024
401620267,2024-06-05,Chicago Sky,New York Liberty,75,88,False,False,2024
401620268,2024-06-05,Seattle Storm,Phoenix Mercury,80,62,False,False,2024
401620269,2024-06-06,Dallas Wings,Las Vegas Aces,81,95,False,False,2024
401620270,2024-06-06,Los Angeles Sparks,Minnesota Lynx,62,86,False,False,2024
401620271,2024-06-06,Washington Mystics,Chicago Sky,71,79,False,True,2024
401620272,2024-06-06,Atlanta Dream,New York Liberty,61,78,False,False,2024
401620273,2024-06-07,Washington Mystics,Indiana Fever,83,85,False,False,2024
401620274,2024-06-08,Las Vegas Aces,Seattle Storm,65,78,False,False,2024
401620275,2024-06-08,Los Angeles Sparks,Dallas Wings,81,72,False,False,2024
401620276,2024-06-08,Phoenix Mercury,Minnesota Lynx,81,80,False,False,2024
401620277,2024-06-08,Connecticut Sun,New York Liberty,75,82,False,False,2024
401620278,2024-06-08,Chicago Sky,Atlanta Dream,80,89,False,False,2024
401620279,2024-06-09,New York Liberty,Washington Mystics,93,88,False,False,2024
401620280,2024-06-09,Dallas Wings,Phoenix Mercury,90,97,False,False,2024
401620281,2024-06-09,Minnesota Lynx,Seattle Storm,83,64,False,False,2024
401620282,2024-06-10,Los Angeles Sparks,Las Vegas Aces,96,92,False,False,2024
401620283,2024-06-10,Connecticut Sun,Indiana Fever,89,72,False,False,2024
401620284,2024-06-11,Atlanta Dream,Washington Mystics,68,87,False,False,2024
401620285,2024-06-12,Las Vegas Aces,Minnesota Lynx,86,100,False,False,2024
401620286,2024-06-12,Seattle Storm,Los Angeles Sparks,95,79,False,False,2024
401620287,2024-06-13,Chicago Sky,Connecticut Sun,75,83,False,False,2024
401620288,2024-06-13,Indiana Fever,Atlanta Dream,91,84,False,False,2024
401620289,2024-06-13,Dallas Wings,Seattle Storm,84,92,False,False,2024
401620290,2024-06-14,Phoenix Mercury,Las Vegas Aces,99,103,False,False,2024
401620291,2024-06-14,Washington Mystics,Chicago Sky,83,81,False,False,2024
401620292,2024-06-14,Minnesota Lynx,Los Angeles Sparks,81,76,False,False,2024
401620293,2024-06-15,Dallas Wings,Connecticut Sun,67,85,False,False,2024
401620294,2024-06-15,Las Vegas Aces,New York Liberty,82,90,False,False,2024
401620296,2024-06-16,Indiana Fever,Chicago Sky,91,83,False,False,2024
401620295,2024-06-16,Phoenix Mercury,Seattle Storm,87,78,False,False,2024
401620297,2024-06-16,Atlanta Dream,Los Angeles Sparks,87,74,False,False,2024
401620298,2024-06-18,Minnesota Lynx,Dallas Wings,90,78,False,False,2024
401620299,2024-06-18,Connecticut Sun,Los Angeles Sparks,79,70,False,False,2024
401620300,2024-06-19,Phoenix Mercury,New York Liberty,99,93,False,False,2024
401620301,2024-06-19,Indiana Fever,Washington Mystics,88,81,False,False,2024
401620302,2024-06-20,Minnesota Lynx,Atlanta Dream,68,55,False,False,2024
401620303,2024-06-20,Las Vegas Aces,Seattle Storm,94,83,False,False,2024
401620304,2024-06-20,Chicago Sky,Dallas Wings,83,72,False,False,2024
401620305,2024-06-20,New York Liberty,Los Angeles Sparks,93,80,False,False,2024
401620306,2024-06-21,Atlanta Dream,Indiana Fever,79,91,False,False,2024
401620307,2024-06-22,Las Vegas Aces,Connecticut Sun,85,74,False,False,2024
401620308,2024-06-22,Washington Mystics,Dallas Wings,97,69,False,False,2024
401620309,2024-06-22,New York Liberty,Los Angeles Sparks,98,88,False,False,2024
401620310,2024-06-23,Minnesota Lynx,Phoenix Mercury,73,60,False,False,2024
401620311,2024-06-23,Atlanta Dream,New York Liberty,75,96,False,False,2024
401620312,2024-06-23,Washington Mystics,Dallas Wings,92,84,False,False,2024
401620314,2024-06-23,Seattle Storm,Connecticut Sun,72,61,False,False,2024
401620313,2024-06-23,Chicago Sky,Indiana Fever,88,87,False,False,2024
401677672,2024-06-26,New York Liberty,Minnesota Lynx,89,94,False,False,2024
401620315,2024-06-27,Dallas Wings,Minnesota Lynx,94,88,False,False,2024
401620316,2024-06-27,Washington Mystics,Connecticut Sun,91,94,False,False,2024
401620317,2024-06-27,Chicago Sky,Las Vegas Aces,83,95,False,False,2024
401620318,2024-06-28,Seattle Storm,Indiana Fever,89,77,False,False,2024
401620319,2024-06-28,Connecticut Sun,Atlanta Dream,74,78,False,False,2024
401620320,2024-06-29,Phoenix Mercury,Los Angeles Sparks,92,78,False,False,2024
401620321,2024-06-29,Washington Mystics,Las Vegas Aces,77,88,False,False,2024
401620322,2024-06-30,Seattle Storm,Dallas Wings,97,76,False,False,2024
401620323,2024-06-30,New York Liberty,Atlanta Dream,81,75,False,False,2024
401620324,2024-06-30,Chicago Sky,Minnesota Lynx,62,70,False,False,2024
401620325,2024-06-30,Phoenix Mercury,Indiana Fever,82,88,False,False,2024
401620326,2024-07-02,Phoenix Mercury,Connecticut Sun,72,83,False,False,2024
401620327,2024-07-02,Seattle Storm,Dallas Wings,95,71,False,False,2024
401620328,2024-07-02,New York Liberty,Minnesota Lynx,76,67,False,False,2024
401620329,2024-07-02,Atlanta Dream,Chicago Sky,77,85,False,False,2024
401620330,2024-07-03,Las Vegas Aces,Indiana Fever,88,69,False,False,2024
401620331,2024-07-03,Los Angeles Sparks,Washington Mystics,80,82,False,False,2024
401620332,2024-07-04,Dallas Wings,Phoenix Mercury,96,104,False,False,2024
401620333,2024-07-05,Minnesota Lynx,Connecticut Sun,73,78,False,False,2024
401620334,2024-07-05,Las Vegas Aces,Washington Mystics,98,77,False,False,2024
401620335,2024-07-05,Dallas Wings,Atlanta Dream,85,82,False,False,2024
401620336,2024-07-06,Los Angeles Sparks,Las Vegas Aces,98,93,False,False,2024
401620337,2024-07-06,Seattle Storm,Chicago Sky,84,88,False,False,2024
401620338,2024-07-06,Indiana Fever,New York Liberty,83,78,False,False,2024
401620339,2024-07-07,Minnesota Lynx,Washington Mystics,74,67,False,False,2024
401620340,2024-07-07,Connecticut Sun,Atlanta Dream,80,67,False,False,2024
401620341,2024-07-07,Las Vegas Aces,Dallas Wings,104,85,False,False,2024
401620342,2024-07-07,Seattle Storm,Chicago Sky,84,71,False,False,2024
401620343,2024-07-07,Los Angeles Sparks,Phoenix Mercury,78,84,False,False,2024
401620344,2024-07-10,Los Angeles Sparks,Minnesota Lynx,67,82,False,False,2024
401620345,2024-07-10,Connecticut Sun,New York Liberty,68,71,False,False,2024
401620346,2024-07-10,Indiana Fever,Washington Mystics,84,89,False,False,2024
401620347,2024-07-10,Chicago Sky,Atlanta Dream,78,69,False,False,2024
401620348,2024-07-10,Seattle Storm,Las Vegas Aces,79,84,False,False,2024
401620349,2024-07-10,Phoenix Mercury,Dallas Wings,100,84,False,False,2024
401620350,2024-07-11,New York Liberty,Chicago Sky,91,76,False,False,2024
401620351,2024-07-12,Atlanta Dream,Las Vegas Aces,70,84,False,False,2024
401620352,2024-07-12,Indiana Fever,Phoenix Mercury,95,86,False,False,2024
401620353,2024-07-13,Seattle Storm,Minnesota Lynx,91,63,False,False,2024
401620354,2024-07-13,Chicago Sky,New York Liberty,67,81,False,False,2024
401620355,2024-07-13,Dallas Wings,Los Angeles Sparks,81,87,False,False,2024
401620356,2024-07-14,Connecticut Sun,Phoenix Mercury,96,69,False,False,2024
401620357,2024-07-14,Washington Mystics,Las Vegas Aces,77,89,False,False,2024
401620359,2024-07-14,Minnesota Lynx,Indiana Fever,74,81,False,False,2024
401620358,2024-07-14,Seattle Storm,Atlanta Dream,81,70,False,False,2024
401620360,2024-07-16,Washington Mystics,Phoenix Mercury,87,96,False,False,2024
401620361,2024-07-16,Los Angeles Sparks,Seattle Storm,83,89,False,False,2024
401620362,2024-07-16,New York Liberty,Connecticut Sun,82,74,False,False,2024
401620363,2024-07-17,Las Vegas Aces,Chicago Sky,85,93,False,False,2024
401620364,2024-07-17,Minnesota Lynx,Atlanta Dream,86,79,False,False,2024
401620365,2024-07-17,Dallas Wings,Indiana Fever,101,93,False,False,2024
401620366,2024-08-16,Chicago Sky,Phoenix Mercury,65,85,False,False,2024
401620367,2024-08-16,Minnesota Lynx,Washington Mystics,79,68,False,False,2024
401620368,2024-08-16,Los Angeles Sparks,New York Liberty,68,103,False,False,2024
401620369,2024-08-16,Atlanta Dream,Seattle Storm,83,81,False,False,2024
401620370,2024-08-16,Indiana Fever,Phoenix Mercury,98,89,False,False,2024
401620371,2024-08-17,Dallas Wings,Connecticut Sun,91,109,False,False,2024
401620372,2024-08-17,Washington Mystics,Minnesota Lynx,83,99,False,False,2024
401620373,2024-08-17,Las Vegas Aces,New York Liberty,67,79,False,False,2024
401620374,2024-08-17,Los Angeles Sparks,Chicago Sky,86,90,False,False,2024
401620375,2024-08-18,Atlanta Dream,Connecticut Sun,82,70,False,False,2024
401620377,2024-08-18,Indiana Fever,Seattle Storm,92,75,False,False,2024
401620376,2024-08-18,Las Vegas Aces,Los Angeles Sparks,87,71,False,False,2024
401620378,2024-08-19,Phoenix Mercury,Chicago Sky,86,68,False,False,2024
401620379,2024-08-20,Connecticut Sun,Los Angeles Sparks,69,61,False,False,2024
401620380,2024-08-20,New York Liberty,Dallas Wings,94,74,False,False,2024
401620381,2024-08-20,Washington Mystics,Seattle Storm,77,83,False,False,2024
401620382,2024-08-21,Atlanta Dream,Phoenix Mercury,72,63,False,False,2024
401620383,2024-08-22,Las Vegas Aces,Minnesota Lynx,87,98,False,False,2024
401620384,2024-08-22,New York Liberty,Dallas Wings,79,71,False,False,2024
401620385,2024-08-23,Atlanta Dream,Phoenix Mercury,80,82,False,False,2024
401620386,2024-08-23,Connecticut Sun,Chicago Sky,82,80,False,False,2024
401620387,2024-08-23,Washington Mystics,Los Angeles Sparks,80,74,False,False,2024
401620388,2024-08-24,Minnesota Lynx,Las Vegas Aces,87,74,False,False,2024
401620389,2024-08-24,New York Liberty,Connecticut Sun,64,72,False,False,2024
401620390,2024-08-25,Minnesota Lynx,Indiana Fever,90,80,False,False,2024
401620391,2024-08-25,Chicago Sky,Las Vegas Aces,75,77,False,False,2024
401620392,2024-08-25,Dallas Wings,Los Angeles Sparks,113,110,False,False,2024
401620393,2024-08-26,Atlanta Dream,Indiana Fever,79,84,False,False,2024
401620394,2024-08-27,Phoenix Mercury,New York Liberty,70,84,False,False,2024
401620395,2024-08-27,Seattle Storm,Washington Mystics,72,74,False,False,2024
401620396,2024-08-28,Dallas Wings,Las Vegas Aces,93,90,False,False,2024
401620397,2024-08-28,Indiana Fever,Connecticut Sun,84,80,False,False,2024
401620398,2024-08-29,Chicago Sky,Washington Mystics,70,74,False,False,2024
401620399,2024-08-29,Los Angeles Sparks,New York Liberty,94,88,False,False,2024
401620400,2024-08-29,Phoenix Mercury,Minnesota Lynx,76,89,False,False,2024
401620401,2024-08-29,Seattle Storm,Atlanta Dream,85,81,False,False,2024
401620402,2024-08-30,Chicago Sky,Indiana Fever,81,100,False,False,2024
401620403,2024-08-30,Dallas Wings,Minnesota Lynx,94,76,False,False,2024
401620404,2024-08-31,Las Vegas Aces,Atlanta Dream,83,72,False,False,2024
401620405,2024-08-31,Seattle Storm,New York Liberty,85,98,False,False,2024
401620406,2024-08-31,Washington Mystics,Connecticut Sun,85,96,False,False,2024
401620407,2024-09-01,Connecticut Sun,Seattle Storm,93,86,False,False,2024
401620408,2024-09-01,Minnesota Lynx,Chicago Sky,79,74,False,False,2024
401620409,2024-09-01,Dallas Wings,Indiana Fever,93,100,False,False,2024
401620411,2024-09-01,Phoenix Mercury,Las Vegas Aces,79,97,False,False,2024
401620410,2024-09-01,Los Angeles Sparks,Atlanta Dream,62,80,False,False,2024
401620412,2024-09-03,Connecticut Sun,Seattle Storm,64,71,False,False,2024
401620413,2024-09-04,Dallas Wings,Washington Mystics,86,90,False,False,2024
401620414,2024-09-04,Las Vegas Aces,Chicago Sky,90,71,False,False,2024
401620415,2024-09-04,Phoenix Mercury,Atlanta Dream,74,66,False,False,2024
401620416,2024-09-04,Indiana Fever,Los Angeles Sparks,93,86,False,False,2024
401620417,2024-09-05,New York Liberty,Seattle Storm,77,70,False,False,2024
401620418,2024-09-06,Phoenix Mercury,Washington Mystics,77,90,False,False,2024
401620419,2024-09-06,Atlanta Dream,Dallas Wings,107,96,False,False,2024
401620420,2024-09-06,Connecticut Sun,Las Vegas Aces,67,72,False,False,2024
401620421,2024-09-06,Indiana Fever,Minnesota Lynx,88,99,False,False,2024
401620422,2024-09-07,Chicago Sky,Los Angeles Sparks,92,78,False,False,2024
401620423,2024-09-08,Seattle Storm,Phoenix Mercury,90,66,False,False,2024
401620424,2024-09-08,Washington Mystics,Minnesota Lynx,71,78,False,False,2024
401620425,2024-09-08,Indiana Fever,Atlanta Dream,104,100,False,False,2024
401620426,2024-09-08,New York Liberty,Las Vegas Aces,75,71,False,False,2024
401620427,2024-09-08,Chicago Sky,Dallas Wings,92,77,False,False,2024
401620428,2024-09-09,Los Angeles Sparks,Connecticut Sun,67,79,False,False,2024
401620429,2024-09-10,Atlanta Dream,Minnesota Lynx,64,76,False,False,2024
401620430,2024-09-11,Dallas Wings,New York Liberty,91,105,False,False,2024
401620431,2024-09-11,Los Angeles Sparks,Connecticut Sun,66,86,False,False,2024
401620432,2024-09-11,Indiana Fever,Las Vegas Aces,75,86,False,False,2024
401620433,2024-09-12,Chicago Sky,Washington Mystics,58,89,False,False,2024
401620434,2024-09-12,Los Angeles Sparks,Seattle Storm,82,90,False,False,2024
401620435,2024-09-13,Dallas Wings,New York Liberty,67,99,False,False,2024
401620436,2024-09-13,Atlanta Dream,Washington Mystics,69,72,False,False,2024
401620437,2024-09-13,Indiana Fever,Las Vegas Aces,74,78,False,False,2024
401620438,2024-09-13,Dallas Wings,Seattle Storm,81,83,False,False,2024
401620439,2024-09-13,Minnesota Lynx,Chicago Sky,83,66,False,False,2024
401620440,2024-09-14,Phoenix Mercury,Connecticut Sun,69,88,False,False,2024
401620441,2024-09-15,Indiana Fever,Dallas Wings,110,109,False,False,2024
401620442,2024-09-15,New York Liberty,Minnesota Lynx,79,88,False,False,2024
401620443,2024-09-15,Washington Mystics,Atlanta Dream,73,76,False,False,2024
401620444,2024-09-15,Chicago Sky,Phoenix Mercury,88,93,False,False,2024
401620445,2024-09-15,Las Vegas Aces,Connecticut Sun,84,71,False,False,2024
401620446,2024-09-15,Seattle Storm,Los Angeles Sparks,90,87,False,False,2024
401620447,2024-09-17,Connecticut Sun,Minnesota Lynx,76,78,False,False,2024
401620448,2024-09-17,Washington Mystics,New York Liberty,71,87,False,False,2024
401620449,2024-09-17,Atlanta Dream,Chicago Sky,86,70,False,False,2024
401620451,2024-09-18,Seattle Storm,Las Vegas Aces,72,85,False,False,2024
401620450,2024-09-18,Los Angeles Sparks,Phoenix Mercury,81,85,False,False,2024
401620452,2024-09-19,Connecticut Sun,Chicago Sky,87,54,False,False,2024
401620453,2024-09-19,New York Liberty,Atlanta Dream,67,78,False,False,2024
401620454,2024-09-19,Washington Mystics,Indiana Fever,92,91,False,False,2024
401620455,2024-09-20,Minnesota Lynx,Los Angeles Sparks,51,68,False,False,2024
401620456,2024-09-20,Las Vegas Aces,Dallas Wings,98,84,False,False,2024
401620457,2024-09-20,Phoenix Mercury,Seattle Storm,70,89,False,False,2024
401721255,2024-09-22,New York Liberty,Atlanta Dream,83,69,True,False,2024
401721253,2024-09-22,Connecticut Sun,Indiana Fever,93,69,True,False,2024
401721261,2024-09-22,Minnesota Lynx,Phoenix Mercury,102,95,True,False,2024
401721256,2024-09-23,Las Vegas Aces,Seattle Storm,78,67,True,False,2024
401721258,2024-09-24,New York Liberty,Atlanta Dream,91,82,True,False,2024
401721262,2024-09-25,Las Vegas Aces,Seattle Storm,83,76,True,False,2024
401721254,2024-09-25,Connecticut Sun,Indiana Fever,87,81,True,False,2024
401721260,2024-09-26,Minnesota Lynx,Phoenix Mercury,101,88,True,False,2024
401724938,2024-09-29,New York Liberty,Las Vegas Aces,87,77,True,False,2024
401725075,2024-09-30,Minnesota Lynx,Connecticut Sun,70,73,True,False,2024
401724939,2024-10-01,New York Liberty,Las Vegas Aces,88,84,True,False,2024
401725076,2024-10-02,Minnesota Lynx,Connecticut Sun,77,70,True,False,2024
401725077,2024-10-04,Connecticut Sun,Minnesota Lynx,81,90,True,False,2024
401724940,2024-10-05,Las Vegas Aces,New York Liberty,95,81,True,False,2024
401724941,2024-10-06,Las Vegas Aces,New York Liberty,62,76,True,False,2024
401725078,2024-10-06,Connecticut Sun,Minnesota Lynx,92,82,True,False,2024
401725079,2024-10-09,Minnesota Lynx,Connecticut Sun,88,77,True,False,2024
401726988,2024-10-11,New York Liberty,Minnesota Lynx,93,95,True,False,2024
401726989,2024-10-13,New York Liberty,Minnesota Lynx,80,66,True,False,2024
401726990,2024-10-17,Minnesota Lynx,New York Liberty,77,80,True,False,2024
401726991,2024-10-19,Minnesota Lynx,New York Liberty,82,80,True,False,2024
401726992,2024-10-21,New York Liberty,Minnesota Lynx,67,62,True,False,2024
401736112,2025-05-16,Washington Mystics,Atlanta Dream,94,90,False,False,2025
401736113,2025-05-16,Dallas Wings,Minnesota Lynx,84,99,False,False,2025
401736114,2025-05-17,Golden State Valkyries,Los Angeles Sparks,67,84,False,False,2025
401736116,2025-05-17,New York Liberty,Las Vegas Aces,92,78,False,False,2025
401736115,2025-05-17,Indiana Fever,Chicago Sky,93,58,False,False,2025
401736117,2025-05-18,Phoenix Mercury,Seattle Storm,81,59,False,False,2025
401736118,2025-05-18,Connecticut Sun,Washington Mystics,85,90,False,False,2025
401736119,2025-05-18,Los Angeles Sparks,Minnesota Lynx,75,89,False,False,2025
401736120,2025-05-20,Dallas Wings,Seattle Storm,71,79,False,False,2025
401736121,2025-05-20,Connecticut Sun,Las Vegas Aces,62,87,False,False,2025
401736122,2025-05-20,Indiana Fever,Atlanta Dream,90,91,False,False,2025
401736123,2025-05-22,Minnesota Lynx,Dallas Wings,85,81,False,False,2025
401736124,2025-05-22,Golden State Valkyries,Washington Mystics,76,74,False,False,2025
401736125,2025-05-22,Phoenix Mercury,Los Angeles Sparks,89,86,False,False,2025
401736126,2025-05-22,Atlanta Dream,Indiana Fever,76,81,False,False,2025
401736127,2025-05-23,Chicago Sky,New York Liberty,74,99,False,False,2025
401736128,2025-05-23,Minnesota Lynx,Connecticut Sun,76,70,False,False,2025
401736129,2025-05-24,Las Vegas Aces,Washington Mystics,75,72,False,False,2025
401736130,2025-05-24,Los Angeles Sparks,Golden State Valkyries,73,82,False,False,2025
401736131,2025-05-24,Seattle Storm,Phoenix Mercury,77,70,False,False,2025
401736132,2025-05-24,Indiana Fever,New York Liberty,88,90,False,False,2025
401736133,2025-05-24,Atlanta Dream,Dallas Wings,83,75,False,False,2025
401736134,2025-05-25,Atlanta Dream,Connecticut Sun,79,55,False,False,2025
401736135,2025-05-25,Los Angeles Sparks,Chicago Sky,91,78,False,False,2025
401736136,2025-05-25,Phoenix Mercury,Washington Mystics,68,62,False,False,2025
401736137,2025-05-25,Seattle Storm,Las Vegas Aces,102,82,False,False,2025
401736138,2025-05-27,Connecticut Sun,Dallas Wings,87,109,False,False,2025
401736139,2025-05-27,New York Liberty,Golden State Valkyries,95,67,False,False,2025
401736140,2025-05-28,Minnesota Lynx,Seattle Storm,82,77,False,False,2025
401736141,2025-05-28,Los Angeles Sparks,Atlanta Dream,82,88,False,False,2025
401736142,2025-05-28,Phoenix Mercury,Chicago Sky,94,89,False,False,2025
401736143,2025-05-28,Washington Mystics,Indiana Fever,83,77,False,False,2025
401736144,2025-05-29,New York Liberty,Golden State Valkyries,82,77,False,False,2025
401736145,2025-05-30,Chicago Sky,Dallas Wings,97,92,False,False,2025
401736146,2025-05-30,Indiana Fever,Connecticut Sun,83,85,False,False,2025
401736147,2025-05-30,Washington Mystics,New York Liberty,63,85,False,False,2025
401736148,2025-05-31,Las Vegas Aces,Los Angeles Sparks,96,81,False,False,2025
401736149,2025-05-31,Phoenix Mercury,Minnesota Lynx,71,74,False,False,2025
401736150,2025-05-31,Seattle Storm,Atlanta Dream,87,94,False,False,2025
401736151,2025-06-01,Dallas Wings,Chicago Sky,83,94,False,False,2025
401736152,2025-06-01,New York Liberty,Connecticut Sun,100,52,False,False,2025
401736153,2025-06-01,Los Angeles Sparks,Phoenix Mercury,80,85,False,False,2025
401736154,2025-06-01,Seattle Storm,Las Vegas Aces,70,75,False,False,2025
401736155,2025-06-02,Golden State Valkyries,Minnesota Lynx,75,86,False,False,2025
401736156,2025-06-03,Indiana Fever,Washington Mystics,85,76,False,False,2025
401736157,2025-06-04,Minnesota Lynx,Phoenix Mercury,88,65,False,False,2025
401736158,2025-06-04,Seattle Storm,Dallas Wings,83,77,False,False,2025
401736159,2025-06-05,Washington Mystics,New York Liberty,78,86,False,False,2025
401736160,2025-06-06,Phoenix Mercury,Golden State Valkyries,86,77,False,False,2025
401736161,2025-06-06,Connecticut Sun,Atlanta Dream,84,76,False,False,2025
401736162,2025-06-07,Dallas Wings,Los Angeles Sparks,79,93,False,False,2025
401736163,2025-06-07,Golden State Valkyries,Las Vegas Aces,95,68,False,False,2025
401736164,2025-06-08,Chicago Sky,Indiana Fever,52,79,False,False,2025
401736165,2025-06-08,Phoenix Mercury,Seattle Storm,77,89,False,False,2025
401736166,2025-06-08,Washington Mystics,Connecticut Sun,104,67,False,False,2025
401736167,2025-06-08,Dallas Wings,Minnesota Lynx,65,81,False,False,2025
401736168,2025-06-10,Los Angeles Sparks,Golden State Valkyries,81,89,False,False,2025
401736169,2025-06-10,Atlanta Dream,Indiana Fever,77,58,False,False,2025
401736170,2025-06-11,New York Liberty,Chicago Sky,85,66,False,False,2025
401736171,2025-06-12,Las Vegas Aces,Los Angeles Sparks,89,97,False,False,2025
401736172,2025-06-12,Phoenix Mercury,Dallas Wings,93,80,False,False,2025
401736173,2025-06-12,Seattle Storm,Minnesota Lynx,94,84,False,False,2025
401736174,2025-06-13,Atlanta Dream,Chicago Sky,88,70,False,False,2025
401736175,2025-06-14,Las Vegas Aces,Dallas Wings,88,84,False,False,2025
401736176,2025-06-14,Minnesota Lynx,Los Angeles Sparks,101,78,False,False,2025
401736177,2025-06-14,Indiana Fever,New York Liberty,102,88,False,False,2025
401736178,2025-06-15,Golden State Valkyries,Seattle Storm,76,70,False,False,2025
401736179,2025-06-15,Connecticut Sun,Chicago Sky,66,78,False,False,2025
401736180,2025-06-15,Washington Mystics,Atlanta Dream,56,89,False,False,2025
401736181,2025-06-15,Las Vegas Aces,Phoenix Mercury,70,76,False,False,2025
401736182,2025-06-17,Indiana Fever,Connecticut Sun,88,71,False,False,2025
401736183,2025-06-17,New York Liberty,Atlanta Dream,86,81,False,False,2025
401736184,2025-06-18,Chicago Sky,Washington Mystics,72,79,False,False,2025
401736185,2025-06-18,Dallas Wings,Golden State Valkyries,80,71,False,False,2025
401736186,2025-06-18,Minnesota Lynx,Las Vegas Aces,76,62,False,False,2025
401736187,2025-06-18,Los Angeles Sparks,Seattle Storm,67,98,False,False,2025
401736188,2025-06-18,Connecticut Sun,Phoenix Mercury,75,83,False,False,2025
401736189,2025-06-19,New York Liberty,Phoenix Mercury,81,89,False,False,2025
401736190,2025-06-20,Golden State Valkyries,Indiana Fever,88,77,False,False,2025
401736191,2025-06-20,Atlanta Dream,Washington Mystics,92,91,False,False,2025
401736192,2025-06-20,Connecticut Sun,Dallas Wings,83,86,False,False,2025
401736193,2025-06-21,Las Vegas Aces,Seattle Storm,83,90,False,False,2025
401736194,2025-06-21,Chicago Sky,Phoenix Mercury,86,107,False,False,2025
401736195,2025-06-22,Minnesota Lynx,Los Angeles Sparks,82,66,False,False,2025
401736196,2025-06-22,Atlanta Dream,Chicago Sky,93,80,False,False,2025
401736197,2025-06-22,Washington Mystics,Dallas Wings,91,88,False,False,2025
401736198,2025-06-22,Las Vegas Aces,Indiana Fever,89,81,False,False,2025
401736199,2025-06-22,Seattle Storm,New York Liberty,89,79,False,False,2025
401736200,2025-06-23,Golden State Valkyries,Connecticut Sun,87,63,False,False,2025
401736201,2025-06-25,Washington Mystics,Minnesota Lynx,68,64,False,False,2025
401736202,2025-06-25,Chicago Sky,Los Angeles Sparks,97,86,False,False,2025
401736203,2025-06-25,Dallas Wings,Atlanta Dream,68,55,False,False,2025
401736204,2025-06-25,Seattle Storm,Indiana Fever,86,94,False,False,2025
401736205,2025-06-26,Golden State Valkyries,New York Liberty,78,81,False,False,2025
401736206,2025-06-26,Las Vegas Aces,Connecticut Sun,85,59,False,False,2025
401736207,2025-06-26,Indiana Fever,Los Angeles Sparks,75,85,False,False,2025
401736208,2025-06-27,Las Vegas Aces,Washington Mystics,83,94,False,False,2025
401736209,2025-06-27,Atlanta Dream,Minnesota Lynx,92,96,False,False,2025
401736210,2025-06-27,Dallas Wings,Indiana Fever,86,94,False,False,2025
401736211,2025-06-28,Golden State Valkyries,Chicago Sky,83,78,False,False,2025
401736212,2025-06-28,Phoenix Mercury,New York Liberty,106,91,False,False,2025
401736213,2025-06-28,Seattle Storm,Connecticut Sun,97,81,False,False,2025
401736214,2025-06-29,Dallas Wings,Washington Mystics,79,71,False,False,2025
401736215,2025-06-29,Atlanta Dream,New York Liberty,90,81,False,False,2025
401736216,2025-06-29,Los Angeles Sparks,Chicago Sky,85,92,False,False,2025
401736217,2025-06-29,Phoenix Mercury,Las Vegas Aces,81,84,False,False,2025
401736218,2025-06-29,Minnesota Lynx,Connecticut Sun,102,63,False,False,2025
401736219,2025-06-30,Golden State Valkyries,Seattle Storm,84,57,False,False,2025
401736430,2025-07-02,Minnesota Lynx,Indiana Fever,59,74,False,False,2025
401736220,2025-07-03,Indiana Fever,Las Vegas Aces,81,54,False,False,2025
401736221,2025-07-03,New York Liberty,Los Angeles Sparks,89,79,False,False,2025
401736222,2025-07-03,Atlanta Dream,Seattle Storm,79,80,False,False,2025
401736223,2025-07-04,Dallas Wings,Phoenix Mercury,98,89,False,False,2025
401736224,2025-07-04,Minnesota Lynx,Washington Mystics,92,75,False,False,2025
401736225,2025-07-05,Indiana Fever,Los Angeles Sparks,87,89,False,False,2025
401736226,2025-07-06,Minnesota Lynx,Golden State Valkyries,82,71,False,False,2025
401736228,2025-07-06,New York Liberty,Seattle Storm,70,79,False,False,2025
401736227,2025-07-06,Connecticut Sun,Las Vegas Aces,68,86,False,False,2025
401736229,2025-07-06,Minnesota Lynx,Chicago Sky,80,75,False,False,2025
401736230,2025-07-07,Atlanta Dream,Golden State Valkyries,90,81,False,False,2025
401736231,2025-07-08,Phoenix Mercury,Dallas Wings,102,72,False,False,2025
401736232,2025-07-08,Washington Mystics,Chicago Sky,81,79,False,False,2025
401736233,2025-07-09,New York Liberty,Las Vegas Aces,87,78,False,False,2025
401736234,2025-07-09,Connecticut Sun,Seattle Storm,93,83,False,False,2025
401736235,2025-07-09,Indiana Fever,Golden State Valkyries,61,80,False,False,2025
401736236,2025-07-09,Phoenix Mercury,Minnesota Lynx,79,71,False,False,2025
401736237,2025-07-10,Chicago Sky,Dallas Wings,87,76,False,False,2025
401736238,2025-07-10,Los Angeles Sparks,Minnesota Lynx,82,91,False,False,2025
401736239,2025-07-10,Washington Mystics,Las Vegas Aces,70,68,False,False,2025
401736240,2025-07-11,Indiana Fever,Atlanta Dream,99,82,False,False,2025
401736241,2025-07-12,Seattle Storm,Connecticut Sun,79,65,False,False,2025
401736242,2025-07-12,Chicago Sky,Minnesota Lynx,87,81,False,False,2025
401736243,2025-07-12,Las Vegas Aces,Golden State Valkyries,104,102,False,False,2025
401736244,2025-07-13,Indiana Fever,Dallas Wings,102,83,False,False,2025
401736245,2025-07-13,New York Liberty,Atlanta Dream,79,72,False,False,2025
401736246,2025-07-13,Los Angeles Sparks,Connecticut Sun,92,88,False,False,2025
401736247,2025-07-13,Seattle Storm,Washington Mystics,69,74,False,False,2025
401736248,2025-07-15,Chicago Sky,Minnesota Lynx,78,91,False,False,2025
401736249,2025-07-15,Golden State Valkyries,Phoenix Mercury,77,78,False,False,2025
401736250,2025-07-16,Connecticut Sun,Indiana Fever,77,85,False,False,2025
401736251,2025-07-16,Los Angeles Sparks,Washington Mystics,99,80,False,False,2025
401736252,2025-07-16,Chicago Sky,Atlanta Dream,49,86,False,False,2025
401736253,2025-07-16,Minnesota Lynx,Phoenix Mercury,79,66,False,False,2025
401736254,2025-07-16,Seattle Storm,Golden State Valkyries,67,58,False,False,2025
401736255,2025-07-16,New York Liberty,Indiana Fever,98,77,False,False,2025
401736256,2025-07-17,Dallas Wings,Las Vegas Aces,86,90,False,False,2025
401736257,2025-07-22,Washington Mystics,Los Angeles Sparks,86,93,False,False,2025
401736258,2025-07-23,New York Liberty,Indiana Fever,98,84,False,False,2025
401736259,2025-07-23,Minnesota Lynx,Chicago Sky,91,68,False,False,2025
401736260,2025-07-23,Las Vegas Aces,Atlanta Dream,87,72,False,False,2025
401736261,2025-07-23,Seattle Storm,Dallas Wings,63,87,False,False,2025
401736262,2025-07-24,Phoenix Mercury,Atlanta Dream,79,90,False,False,2025
401736263,2025-07-24,Connecticut Sun,Los Angeles Sparks,86,101,False,False,2025
401736264,2025-07-24,Indiana Fever,Las Vegas Aces,80,70,False,False,2025
401736265,2025-07-25,Chicago Sky,Seattle Storm,57,95,False,False,2025
401736266,2025-07-25,New York Liberty,Phoenix Mercury,89,76,False,False,2025
401736267,2025-07-25,Minnesota Lynx,Las Vegas Aces,109,78,False,False,2025
401736268,2025-07-26,Golden State Valkyries,Dallas Wings,86,76,False,False,2025
401736270,2025-07-26,New York Liberty,Los Angeles Sparks,99,101,False,False,2025
401736271,2025-07-26,Washington Mystics,Seattle Storm,69,58,False,False,2025
401736272,2025-07-27,Connecticut Sun,Golden State Valkyries,95,64,False,False,2025
401736269,2025-07-27,Chicago Sky,Indiana Fever,78,93,False,False,2025
401736273,2025-07-27,Dallas Wings,Las Vegas Aces,80,106,False,False,2025
401736274,2025-07-27,Washington Mystics,Phoenix Mercury,72,88,False,False,2025
401736275,2025-07-27,Minnesota Lynx,Atlanta Dream,86,90,False,False,2025
401736276,2025-07-28,Connecticut Sun,Seattle Storm,85,101,False,False,2025
401736277,2025-07-29,Dallas Wings,New York Liberty,92,82,False,False,2025
401736278,2025-07-29,Atlanta Dream,Golden State Valkyries,75,77,False,False,2025
401736279,2025-07-29,Washington Mystics,Chicago Sky,103,86,False,False,2025
401736280,2025-07-30,Los Angeles Sparks,Las Vegas Aces,74,89,False,False,2025
401736281,2025-07-30,Indiana Fever,Phoenix Mercury,107,101,False,False,2025
401736282,2025-07-31,Dallas Wings,Atlanta Dream,85,88,False,False,2025
401736283,2025-07-31,Minnesota Lynx,New York Liberty,100,93,False,False,2025
401736284,2025-07-31,Washington Mystics,Golden State Valkyries,67,68,False,False,2025
401736285,2025-08-01,Atlanta Dream,Phoenix Mercury,95,72,False,False,2025
401736286,2025-08-01,Connecticut Sun,New York Liberty,78,62,False,False,2025
401736287,2025-08-01,Chicago Sky,Golden State Valkyries,66,73,False,False,2025
401736288,2025-08-01,Dallas Wings,Indiana Fever,78,88,False,False,2025
401736289,2025-08-02,Seattle Storm,Los Angeles Sparks,106,108,False,False,2025
401736290,2025-08-02,Las Vegas Aces,Minnesota Lynx,58,111,False,False,2025
401736292,2025-08-03,Connecticut Sun,New York Liberty,78,87,False,False,2025
401736291,2025-08-03,Atlanta Dream,Washington Mystics,99,83,False,False,2025
401736295,2025-08-03,Seattle Storm,Indiana Fever,74,78,False,False,2025
401736293,2025-08-03,Chicago Sky,Phoenix Mercury,67,83,False,False,2025
401736294,2025-08-03,Las Vegas Aces,Golden State Valkyries,101,77,False,False,2025
401736296,2025-08-05,New York Liberty,Dallas Wings,85,76,False,False,2025
401736297,2025-08-06,Chicago Sky,Washington Mystics,78,64,False,False,2025
401736298,2025-08-06,Los Angeles Sparks,Indiana Fever,100,91,False,False,2025
401736299,2025-08-06,Phoenix Mercury,Connecticut Sun,82,66,False,False,2025
401736300,2025-08-06,Seattle Storm,Minnesota Lynx,87,91,False,False,2025
401736301,2025-08-07,Golden State Valkyries,Las Vegas Aces,72,78,False,False,2025
401736302,2025-08-08,Chicago Sky,Atlanta Dream,65,86,False,False,2025
401736303,2025-08-08,Los Angeles Sparks,Connecticut Sun,102,91,False,False,2025
401736304,2025-08-08,Phoenix Mercury,Indiana Fever,95,60,False,False,2025
401736305,2025-08-08,Dallas Wings,New York Liberty,77,88,False,False,2025
401736306,2025-08-08,Minnesota Lynx,Washington Mystics,80,76,False,False,2025
401736307,2025-08-09,Las Vegas Aces,Seattle Storm,90,86,False,False,2025
401736309,2025-08-10,Indiana Fever,Chicago Sky,92,70,False,False,2025
401736308,2025-08-10,Golden State Valkyries,Los Angeles Sparks,72,59,False,False,2025
401736310,2025-08-10,New York Liberty,Minnesota Lynx,71,83,False,False,2025
401736311,2025-08-10,Dallas Wings,Washington Mystics,78,91,False,False,2025
401736313,2025-08-10,Phoenix Mercury,Atlanta Dream,66,74,False,False,2025
401736312,2025-08-11,Los Angeles Sparks,Seattle Storm,94,91,False,False,2025
401736314,2025-08-11,Las Vegas Aces,Connecticut Sun,94,86,False,False,2025
401736315,2025-08-12,Golden State Valkyries,Connecticut Sun,74,57,False,False,2025
401736316,2025-08-12,Indiana Fever,Dallas Wings,80,81,False,False,2025
401736317,2025-08-13,Los Angeles Sparks,New York Liberty,97,105,False,False,2025
401736318,2025-08-13,Connecticut Sun,Chicago Sky,71,62,False,False,2025
401736319,2025-08-13,Washington Mystics,Golden State Valkyries,83,88,False,False,2025
401736320,2025-08-14,Las Vegas Aces,New York Liberty,83,77,False,False,2025
401736321,2025-08-14,Seattle Storm,Atlanta Dream,75,85,False,False,2025
401736322,2025-08-15,Indiana Fever,Washington Mystics,84,88,False,False,2025
401736323,2025-08-15,Chicago Sky,Golden State Valkyries,59,90,False,False,2025
401736324,2025-08-15,Dallas Wings,Los Angeles Sparks,96,97,False,False,2025
401736325,2025-08-16,Atlanta Dream,Seattle Storm,78,80,False,True,2025
401736326,2025-08-16,Phoenix Mercury,Las Vegas Aces,83,86,False,False,2025
401736327,2025-08-16,Minnesota Lynx,New York Liberty,86,80,False,False,2025
401736329,2025-08-17,Connecticut Sun,Indiana Fever,93,99,False,False,2025
401736328,2025-08-17,Washington Mystics,Los Angeles Sparks,95,86,False,False,2025
401736330,2025-08-17,Las Vegas Aces,Dallas Wings,106,87,False,False,2025
401736331,2025-08-17,Seattle Storm,Phoenix Mercury,82,85,False,False,2025
401736332,2025-08-18,Golden State Valkyries,Atlanta Dream,63,79,False,False,2025
401736333,2025-08-19,New York Liberty,Minnesota Lynx,85,75,False,False,2025
401736334,2025-08-19,Washington Mystics,Connecticut Sun,69,80,False,False,2025
401736335,2025-08-20,Chicago Sky,Seattle Storm,88,94,False,False,2025
401736336,2025-08-20,Las Vegas Aces,Atlanta Dream,74,72,False,False,2025
401736337,2025-08-20,Golden State Valkyries,Phoenix Mercury,91,98,False,False,2025
401736338,2025-08-21,Los Angeles Sparks,Dallas Wings,81,80,False,False,2025
401736339,2025-08-21,Connecticut Sun,Washington Mystics,67,56,False,False,2025
401736340,2025-08-21,New York Liberty,Chicago Sky,85,91,False,False,2025
401736341,2025-08-21,Atlanta Dream,Minnesota Lynx,75,73,False,False,2025
401736342,2025-08-22,Las Vegas Aces,Phoenix Mercury,83,61,False,False,2025
401736343,2025-08-22,Indiana Fever,Minnesota Lynx,90,95,False,False,2025
401736344,2025-08-22,Dallas Wings,Seattle Storm,60,95,False,False,2025
401736345,2025-08-23,Phoenix Mercury,Golden State Valkyries,81,72,False,False,2025
401736346,2025-08-23,Atlanta Dream,New York Liberty,78,62,False,False,2025
401736347,2025-08-23,Washington Mystics,Las Vegas Aces,81,91,False,False,2025
401736348,2025-08-23,Chicago Sky,Connecticut Sun,84,94,False,False,2025
401736349,2025-08-24,Washington Mystics,Seattle Storm,82,84,False,False,2025
401736350,2025-08-24,Dallas Wings,Golden State Valkyries,81,90,False,False,2025
401736351,2025-08-24,Minnesota Lynx,Indiana Fever,97,84,False,False,2025
401736352,2025-08-25,New York Liberty,Connecticut Sun,81,79,False,False,2025
401736353,2025-08-26,Chicago Sky,Las Vegas Aces,74,79,False,False,2025
401736354,2025-08-26,Indiana Fever,Seattle Storm,95,75,False,False,2025
401736355,2025-08-27,Los Angeles Sparks,Phoenix Mercury,84,92,False,False,2025
401736356,2025-08-27,Atlanta Dream,Las Vegas Aces,75,81,False,False,2025
401736357,2025-08-28,Dallas Wings,Connecticut Sun,95,101,False,False,2025
401736358,2025-08-28,New York Liberty,Washington Mystics,89,63,False,False,2025
401736359,2025-08-29,Minnesota Lynx,Seattle Storm,79,93,False,False,2025
401736360,2025-08-29,Phoenix Mercury,Chicago Sky,83,79,False,False,2025
401736361,2025-08-29,Atlanta Dream,Dallas Wings,100,78,False,False,2025
401736362,2025-08-30,Los Angeles Sparks,Indiana Fever,75,76,False,False,2025
401736363,2025-08-30,Connecticut Sun,Minnesota Lynx,70,94,False,False,2025
401736364,2025-08-31,Golden State Valkyries,Washington Mystics,99,62,False,False,2025
401736365,2025-08-31,Seattle Storm,Chicago Sky,79,69,False,False,2025
401736366,2025-08-31,Phoenix Mercury,New York Liberty,80,63,False,False,2025
401736367,2025-09-01,Los Angeles Sparks,Washington Mystics,81,78,False,False,2025
401736368,2025-09-01,Golden State Valkyries,Indiana Fever,75,63,False,False,2025
401736369,2025-09-01,Connecticut Sun,Atlanta Dream,76,93,False,False,2025
401736370,2025-09-02,Minnesota Lynx,Dallas Wings,96,71,False,False,2025
401736371,2025-09-02,Seattle Storm,Los Angeles Sparks,85,91,False,False,2025
401736372,2025-09-03,Golden State Valkyries,New York Liberty,66,58,False,False,2025
401736373,2025-09-03,Phoenix Mercury,Indiana Fever,85,79,False,False,2025
401736374,2025-09-03,Atlanta Dream,Los Angeles Sparks,86,75,False,False,2025
401736375,2025-09-04,Chicago Sky,Connecticut Sun,88,64,False,False,2025
401736376,2025-09-04,Washington Mystics,Phoenix Mercury,69,75,False,False,2025
401736377,2025-09-05,Golden State Valkyries,Dallas Wings,84,80,False,False,2025
401736378,2025-09-05,Las Vegas Aces,Minnesota Lynx,97,87,False,False,2025
401736379,2025-09-05,Atlanta Dream,Los Angeles Sparks,104,85,False,False,2025
401736380,2025-09-05,Indiana Fever,Chicago Sky,97,77,False,False,2025
401736381,2025-09-06,Seattle Storm,New York Liberty,76,84,False,False,2025
401736382,2025-09-06,Connecticut Sun,Phoenix Mercury,87,84,False,False,2025
401736383,2025-09-07,Golden State Valkyries,Minnesota Lynx,72,78,False,False,2025
401736384,2025-09-07,Washington Mystics,Indiana Fever,65,94,False,False,2025
401736385,2025-09-07,Los Angeles Sparks,Dallas Wings,91,77,False,False,2025
401736386,2025-09-08,Las Vegas Aces,Chicago Sky,80,66,False,False,2025
401736387,2025-09-08,Atlanta Dream,Connecticut Sun,87,62,False,False,2025
401736388,2025-09-09,New York Liberty,Washington Mystics,75,66,False,False,2025
401736389,2025-09-09,Indiana Fever,Minnesota Lynx,83,72,False,False,2025
401736390,2025-09-10,Las Vegas Aces,Chicago Sky,92,61,False,False,2025
401736391,2025-09-10,Phoenix Mercury,Los Angeles Sparks,83,88,False,False,2025
401736392,2025-09-10,Seattle Storm,Golden State Valkyries,74,73,False,False,2025
401736393,2025-09-10,Connecticut Sun,Atlanta Dream,72,88,False,False,2025
401736394,2025-09-12,Chicago Sky,New York Liberty,86,91,False,False,2025
401736395,2025-09-12,Dallas Wings,Phoenix Mercury,97,76,False,False,2025
401736396,2025-09-12,Minnesota Lynx,Golden State Valkyries,72,53,False,False,2025
401736397,2025-09-12,Los Angeles Sparks,Las Vegas Aces,75,103,False,False,2025
401820272,2025-09-14,Minnesota Lynx,Golden State Valkyries,101,72,True,False,2025
401820313,2025-09-14,Atlanta Dream,Indiana Fever,80,68,True,False,2025
401820314,2025-09-14,Phoenix Mercury,New York Liberty,69,76,True,False,2025
401820315,2025-09-15,Las Vegas Aces,Seattle Storm,102,77,True,False,2025
401820316,2025-09-16,Indiana Fever,Atlanta Dream,77,60,True,False,2025
401820317,2025-09-17,Seattle Storm,Las Vegas Aces,86,83,True,False,2025
401820318,2025-09-18,New York Liberty,Phoenix Mercury,60,86,True,False,2025
401820319,2025-09-18,Golden State Valkyries,Minnesota Lynx,74,75,True,False,2025
401820320,2025-09-18,Atlanta Dream,Indiana Fever,85,87,True,False,2025
401820321,2025-09-19,Las Vegas Aces,Seattle Storm,74,73,True,False,2025
401820324,2025-09-20,Phoenix Mercury,New York Liberty,79,73,True,False,2025
401820327,2025-09-21,Las Vegas Aces,Indiana Fever,73,89,True,False,2025
401820328,2025-09-21,Minnesota Lynx,Phoenix Mercury,82,69,True,False,2025
401820330,2025-09-23,Minnesota Lynx,Phoenix Mercury,83,89,True,False,2025
401820331,2025-09-24,Las Vegas Aces,Indiana Fever,90,68,True,False,2025
401820334,2025-09-26,Indiana Fever,Las Vegas Aces,72,84,True,False,2025
401820333,2025-09-27,Phoenix Mercury,Minnesota Lynx,84,76,True,False,2025
401820337,2025-09-28,Indiana Fever,Las Vegas Aces,90,83,True,False,2025
401820338,2025-09-29,Phoenix Mercury,Minnesota Lynx,86,81,True,False,2025
401820340,2025-10-01,Las Vegas Aces,Indiana Fever,107,98,True,False,2025
401820322,2025-10-04,Las Vegas Aces,Phoenix Mercury,89,86,True,False,2025
401820325,2025-10-05,Las Vegas Aces,Phoenix Mercury,91,78,True,False,2025
401820326,2025-10-09,Phoenix Mercury,Las Vegas Aces,88,90,True,False,2025
401820329,2025-10-11,Phoenix Mercury,Las Vegas Aces,86,97,True,False,2025
401856890,2026-05-08,New York Liberty,Connecticut Sun,106,75,False,False,2026
401856891,2026-05-08,Toronto Tempo,Washington Mystics,65,68,False,False,2026
401856892,2026-05-09,Seattle Storm,Golden State Valkyries,80,91,False,False,2026
401856893,2026-05-09,Indiana Fever,Dallas Wings,104,107,False,False,2026
401856894,2026-05-09,Las Vegas Aces,Phoenix Mercury,66,99,False,False,2026
401856899,2026-05-10,Minnesota Lynx,Atlanta Dream,90,91,False,False,2026
401856895,2026-05-10,Portland Fire,Chicago Sky,83,98,False,False,2026
401856896,2026-05-10,Connecticut Sun,Seattle Storm,82,89,False,False,2026
401856897,2026-05-10,Washington Mystics,New York Liberty,93,98,False,False,2026
401856898,2026-05-10,Los Angeles Sparks,Las Vegas Aces,78,105,False,False,2026
401856900,2026-05-11,Golden State Valkyries,Phoenix Mercury,95,79,False,False,2026
401856901,2026-05-13,Dallas Wings,Atlanta Dream,72,77,False,False,2026
401856902,2026-05-13,Phoenix Mercury,Minnesota Lynx,84,88,False,False,2026
401856903,2026-05-13,Portland Fire,New York Liberty,98,96,False,False,2026
401856904,2026-05-13,Toronto Tempo,Seattle Storm,86,73,False,False,2026
401856905,2026-05-14,Connecticut Sun,Las Vegas Aces,69,98,False,False,2026
401856906,2026-05-14,Golden State Valkyries,Chicago Sky,63,69,False,False,2026
401856907,2026-05-14,Los Angeles Sparks,Indiana Fever,78,87,False,False,2026
401856908,2026-05-15,Dallas Wings,Minnesota Lynx,86,90,False,False,2026
401856909,2026-05-15,Portland Fire,New York Liberty,82,100,False,False,2026
401856910,2026-05-15,Connecticut Sun,Las Vegas Aces,94,101,False,False,2026
401856911,2026-05-15,Indiana Fever,Washington Mystics,102,104,False,False,2026
401856912,2026-05-16,Los Angeles Sparks,Toronto Tempo,99,95,False,False,2026
401856913,2026-05-16,Phoenix Mercury,Chicago Sky,91,83,False,False,2026
401856915,2026-05-17,Atlanta Dream,Las Vegas Aces,84,85,False,False,2026
401856916,2026-05-17,Indiana Fever,Seattle Storm,89,78,False,False,2026
401856914,2026-05-17,Minnesota Lynx,Chicago Sky,79,86,False,False,2026
401856917,2026-05-17,Los Angeles Sparks,Toronto Tempo,96,106,False,False,2026
401856918,2026-05-19,Dallas Wings,Washington Mystics,92,69,False,False,2026
401856919,2026-05-19,Portland Fire,Connecticut Sun,83,82,False,False,2026
401856920,2026-05-20,Phoenix Mercury,Toronto Tempo,90,98,False,False,2026
401856921,2026-05-20,Indiana Fever,Portland Fire,90,73,False,False,2026
401856922,2026-05-21,Chicago Sky,Dallas Wings,89,99,False,False,2026
401856923,2026-05-21,Seattle Storm,Connecticut Sun,78,80,False,False,2026
401856924,2026-05-22,New York Liberty,Golden State Valkyries,70,87,False,False,2026
401856925,2026-05-22,Minnesota Lynx,Toronto Tempo,100,72,False,False,2026
401856926,2026-05-22,Phoenix Mercury,Los Angeles Sparks,88,97,False,False,2026
401856927,2026-05-22,Atlanta Dream,Dallas Wings,86,69,False,False,2026
401856928,2026-05-22,Indiana Fever,Golden State Valkyries,90,82,False,False,2026
401856929,2026-05-23,Seattle Storm,Connecticut Sun,77,59,False,False,2026
401856930,2026-05-23,Chicago Sky,Minnesota Lynx,75,85,False,False,2026
401856931,2026-05-23,Toronto Tempo,Portland Fire,80,99,False,False,2026
401856932,2026-05-24,Las Vegas Aces,Los Angeles Sparks,95,101,False,False,2026
401856933,2026-05-24,Atlanta Dream,Phoenix Mercury,82,80,False,False,2026
401856934,2026-05-24,New York Liberty,Dallas Wings,76,91,False,False,2026
401856935,2026-05-24,Seattle Storm,Washington Mystics,97,85,False,False,2026
401856936,2026-05-26,New York Liberty,Portland Fire,74,81,False,False,2026
401856937,2026-05-26,Golden State Valkyries,Connecticut Sun,97,70,False,False,2026
401856938,2026-05-27,New York Liberty,Phoenix Mercury,84,74,False,False,2026
401856939,2026-05-28,Chicago Sky,Toronto Tempo,104,111,False,False,2026
401856940,2026-05-28,Minnesota Lynx,Atlanta Dream,96,81,False,False,2026
401856941,2026-05-28,Portland Fire,Connecticut Sun,71,61,False,False,2026
401856942,2026-05-28,Seattle Storm,Washington Mystics,64,78,False,False,2026
401856943,2026-05-29,Dallas Wings,Las Vegas Aces,95,87,False,False,2026
401856944,2026-05-29,Golden State Valkyries,Indiana Fever,90,88,False,False,2026
401856945,2026-05-29,New York Liberty,Phoenix Mercury,75,68,False,False,2026
401856946,2026-05-29,Washington Mystics,Los Angeles Sparks,87,92,False,False,2026
401856947,2026-05-29,Chicago Sky,Minnesota Lynx,58,79,False,False,2026
401856948,2026-05-30,Portland Fire,Atlanta Dream,66,86,False,False,2026
401856949,2026-05-30,Toronto Tempo,Seattle Storm,93,72,False,False,2026
401856950,2026-05-30,Connecticut Sun,Los Angeles Sparks,84,81,False,False,2026
401856951,2026-05-31,Portland Fire,Indiana Fever,100,84,False,False,2026
401856952,2026-05-31,Golden State Valkyries,Las Vegas Aces,81,91,False,False,2026
401856953,2026-06-02,Dallas Wings,Seattle Storm,79,56,False,False,2026
401856954,2026-06-02,Phoenix Mercury,Minnesota Lynx,77,111,False,False,2026
401856955,2026-06-02,Atlanta Dream,Connecticut Sun,91,75,False,False,2026
401856956,2026-06-02,Washington Mystics,Chicago Sky,90,72,False,False,2026
401856957,2026-06-03,Golden State Valkyries,Portland Fire,95,77,False,False,2026
401856958,2026-06-03,Los Angeles Sparks,Las Vegas Aces,69,79,False,False,2026
401856959,2026-06-03,New York Liberty,Toronto Tempo,97,82,False,False,2026
401856960,2026-06-04,Seattle Storm,Phoenix Mercury,68,72,False,False,2026
401856961,2026-06-04,Indiana Fever,Atlanta Dream,83,71,False,False,2026
401856962,2026-06-05,Minnesota Lynx,Golden State Valkyries,87,84,False,False,2026
401856963,2026-06-05,Chicago Sky,Connecticut Sun,85,80,False,False,2026
401856964,2026-06-06,Los Angeles Sparks,Dallas Wings,96,104,False,False,2026
401856965,2026-06-06,Portland Fire,Phoenix Mercury,72,78,False,False,2026
401856966,2026-06-06,Minnesota Lynx,Seattle Storm,88,68,False,False,2026
401856967,2026-06-06,Las Vegas Aces,Golden State Valkyries,84,79,False,False,2026
401856968,2026-06-06,Atlanta Dream,Washington Mystics,109,77,False,False,2026
401856969,2026-06-07,New York Liberty,Indiana Fever,83,75,False,False,2026
401856970,2026-06-07,Toronto Tempo,Chicago Sky,85,68,False,False,2026
401856971,2026-06-07,Los Angeles Sparks,Portland Fire,89,72,False,False,2026
401856972,2026-06-08,Connecticut Sun,New York Liberty,80,89,False,False,2026
401856973,2026-06-08,Washington Mystics,Indiana Fever,76,78,False,False,2026
401856974,2026-06-09,Las Vegas Aces,Seattle Storm,101,91,False,False,2026
401856975,2026-06-09,Chicago Sky,Atlanta Dream,75,82,False,False,2026
401856976,2026-06-10,Minnesota Lynx,Dallas Wings,100,76,False,False,2026
401856977,2026-06-10,Golden State Valkyries,Phoenix Mercury,87,81,False,False,2026
401856978,2026-06-10,Toronto Tempo,Connecticut Sun,106,102,False,False,2026
401856979,2026-06-11,Seattle Storm,Los Angeles Sparks,83,88,False,False,2026
401856980,2026-06-11,Indiana Fever,Chicago Sky,114,106,False,False,2026
401856981,2026-06-11,Atlanta Dream,New York Liberty,90,104,False,False,2026
401856982,2026-06-12,Dallas Wings,Phoenix Mercury,85,70,False,False,2026
401856983,2026-06-12,Portland Fire,Las Vegas Aces,89,105,False,False,2026
401856984,2026-06-12,Washington Mystics,Toronto Tempo,86,85,False,False,2026
401856985,2026-06-13,Seattle Storm,Golden State Valkyries,72,76,False,False,2026
401856986,2026-06-13,Connecticut Sun,Indiana Fever,75,85,False,False,2026
401856987,2026-06-14,Las Vegas Aces,Minnesota Lynx,100,97,False,False,2026
401856988,2026-06-14,Portland Fire,Dallas Wings,84,83,False,False,2026
401856989,2026-06-14,Phoenix Mercury,Los Angeles Sparks,102,111,False,False,2026
401856990,2026-06-14,New York Liberty,Washington Mystics,86,64,False,False,2026
401856991,2026-06-14,Toronto Tempo,Atlanta Dream,77,102,False,False,2026
401856992,2026-06-16,Dallas Wings,Las Vegas Aces,96,66,False,False,2026
401856993,2026-06-16,Minnesota Lynx,Portland Fire,107,74,False,False,2026
401856994,2026-06-16,Golden State Valkyries,Los Angeles Sparks,78,58,False,False,2026
401856995,2026-06-16,Indiana Fever,Toronto Tempo,113,91,False,False,2026
401856996,2026-06-17,Connecticut Sun,Washington Mystics,81,88,False,False,2026
401856997,2026-06-18,Chicago Sky,New York Liberty,95,96,False,False,2026
401856998,2026-06-18,Golden State Valkyries,Dallas Wings,91,80,False,False,2026
401856999,2026-06-18,Los Angeles Sparks,Minnesota Lynx,83,99,False,False,2026
401857000,2026-06-18,Phoenix Mercury,Las Vegas Aces,76,86,False,False,2026
401857001,2026-06-18,Portland Fire,Seattle Storm,94,89,False,False,2026
401857002,2026-06-18,Indiana Fever,Atlanta Dream,101,108,False,False,2026
401857003,2026-06-19,Connecticut Sun,Toronto Tempo,97,101,False,False,2026
401857004,2026-06-19,New York Liberty,Washington Mystics,83,86,False,False,2026
401857005,2026-06-20,Golden State Valkyries,Minnesota Lynx,75,81,False,False,2026
401857006,2026-06-20,Atlanta Dream,Indiana Fever,113,96,False,False,2026
401857007,2026-06-20,Phoenix Mercury,Seattle Storm,93,73,False,False,2026
401857008,2026-06-21,Dallas Wings,Chicago Sky,93,92,False,False,2026
401857009,2026-06-21,Las Vegas Aces,Golden State Valkyries,92,73,False,False,2026
401857010,2026-06-21,Minnesota Lynx,Washington Mystics,79,84,False,False,2026
401857011,2026-06-22,Los Angeles Sparks,New York Liberty,98,97,False,False,2026
401857012,2026-06-22,Connecticut Sun,Chicago Sky,92,63,False,False,2026
401857013,2026-06-22,Atlanta Dream,Toronto Tempo,94,87,False,False,2026
401857014,2026-06-23,Indiana Fever,Phoenix Mercury,86,77,False,False,2026
401857015,2026-06-23,Seattle Storm,Dallas Wings,110,112,False,False,2026
401857016,2026-06-24,Las Vegas Aces,New York Liberty,76,87,False,False,2026
401857017,2026-06-24,Indiana Fever,Phoenix Mercury,109,111,False,False,2026
401857018,2026-06-24,Washington Mystics,Minnesota Lynx,76,78,False,False,2026
401857019,2026-06-25,Chicago Sky,Portland Fire,101,78,False,False,2026
401857020,2026-06-25,Golden State Valkyries,Atlanta Dream,77,66,False,False,2026
401857021,2026-06-25,Toronto Tempo,Los Angeles Sparks,125,97,False,False,2026
401857022,2026-06-26,Las Vegas Aces,Dallas Wings,99,84,False,False,2026
401857023,2026-06-26,Seattle Storm,New York Liberty,99,88,False,False,2026
401857024,2026-06-26,Connecticut Sun,Washington Mystics,68,57,False,False,2026
401857025,2026-06-26,Chicago Sky,Portland Fire,124,94,False,False,2026
401857026,2026-06-27,Golden State Valkyries,Atlanta Dream,78,75,False,False,2026
401857027,2026-06-27,Toronto Tempo,Phoenix Mercury,80,89,False,False,2026
401857028,2026-06-28,Indiana Fever,Los Angeles Sparks,111,87,False,False,2026
401857029,2026-06-28,Seattle Storm,Atlanta Dream,105,90,False,False,2026
401857030,2026-06-28,Dallas Wings,Minnesota Lynx,77,85,False,False,2026
401857031,2026-06-28,Washington Mystics,Portland Fire,124,123,False,False,2026
401857032,2026-06-28,Chicago Sky,Las Vegas Aces,99,107,False,False,2026
401857033,2026-06-28,Golden State Valkyries,New York Liberty,76,67,False,False,2026
401857321,2026-06-30,New York Liberty,Las Vegas Aces,93,85,False,False,2026
401857034,2026-07-02,Washington Mystics,Atlanta Dream,81,76,False,False,2026
401857035,2026-07-03,Connecticut Sun,Dallas Wings,83,86,False,False,2026
401857036,2026-07-03,Phoenix Mercury,Seattle Storm,90,67,False,False,2026
401857037,2026-07-03,New York Liberty,Minnesota Lynx,99,86,False,False,2026
401857038,2026-07-04,Las Vegas Aces,Chicago Sky,98,90,False,False,2026
401857039,2026-07-04,Atlanta Dream,Golden State Valkyries,83,88,False,False,2026
401857040,2026-07-05,Seattle Storm,Portland Fire,72,77,False,False,2026
401857041,2026-07-05,Toronto Tempo,Dallas Wings,76,89,False,False,2026
401857042,2026-07-05,Las Vegas Aces,Indiana Fever,68,84,False,False,2026
401857043,2026-07-06,Washington Mystics,Golden State Valkyries,49,62,False,False,2026
401857044,2026-07-07,Minnesota Lynx,Connecticut Sun,89,90,False,False,2026
401857045,2026-07-07,Los Angeles Sparks,Seattle Storm,64,82,False,False,2026
401857046,2026-07-08,New York Liberty,Dallas Wings,77,88,False,False,2026
401857047,2026-07-08,Phoenix Mercury,Chicago Sky,66,77,False,False,2026
401857048,2026-07-08,Toronto Tempo,Golden State Valkyries,75,83,False,False,2026
401857049,2026-07-08,Connecticut Sun,Minnesota Lynx,80,86,False,False,2026
401857050,2026-07-09,Los Angeles Sparks,Indiana Fever,106,92,False,False,2026
401857051,2026-07-10,Atlanta Dream,Seattle Storm,89,78,False,False,2026
401857052,2026-07-10,Phoenix Mercury,Indiana Fever,89,92,False,False,2026
401857053,2026-07-10,Portland Fire,Las Vegas Aces,80,88,False,False,2026
401857054,2026-07-10,Connecticut Sun,Golden State Valkyries,64,79,False,False,2026
401857055,2026-07-10,Toronto Tempo,Dallas Wings,95,108,False,False,2026
401857056,2026-07-11,Los Angeles Sparks,Chicago Sky,102,87,False,False,2026
401857057,2026-07-11,Minnesota Lynx,New York Liberty,90,85,False,False,2026
401857059,2026-07-11,Atlanta Dream,Portland Fire,92,102,False,False,2026
401857058,2026-07-11,Las Vegas Aces,Phoenix Mercury,106,58,False,False,2026
401857060,2026-07-12,Toronto Tempo,New York Liberty,93,91,False,False,2026
401857061,2026-07-12,Washington Mystics,Seattle Storm,84,79,False,False,2026
401857062,2026-07-12,Dallas Wings,Chicago Sky,96,91,False,False,2026
401857063,2026-07-13,Las Vegas Aces,Indiana Fever,75,109,False,False,2026
401857064,2026-07-13,Atlanta Dream,Los Angeles Sparks,101,92,False,False,2026
401857065,2026-07-14,Minnesota Lynx,Phoenix Mercury,104,100,False,False,2026
401857066,2026-07-14,Connecticut Sun,Portland Fire,90,87,False,False,2026
401857067,2026-07-14,Toronto Tempo,Washington Mystics,62,79,False,False,2026
401857068,2026-07-15,Chicago Sky,Seattle Storm,95,90,False,False,2026
401857069,2026-07-15,Minnesota Lynx,Los Angeles Sparks,96,87,False,False,2026
401857070,2026-07-16,Indiana Fever,Golden State Valkyries,75,88,False,False,2026
401857071,2026-07-16,Washington Mystics,Portland Fire,56,75,False,False,2026
401857073,2026-07-17,Indiana Fever,Seattle Storm,110,107,False,False,2026
401857074,2026-07-17,Toronto Tempo,Atlanta Dream,92,111,False,False,2026
401857075,2026-07-17,Chicago Sky,Los Angeles Sparks,96,82,False,False,2026
401857076,2026-07-18,Phoenix Mercury,Connecticut Sun,83,96,False,False,2026
401857077,2026-07-19,Indiana Fever,New York Liberty,108,88,False,False,2026
401857078,2026-07-19,Minnesota Lynx,Portland Fire,101,93,False,False,2026
401857079,2026-07-19,Golden State Valkyries,Washington Mystics,74,69,False,False,2026
401857080,2026-07-19,Dallas Wings,Los Angeles Sparks,90,82,False,False,2026
401857081,2026-07-19,Atlanta Dream,Chicago Sky,93,91,False,False,2026
401857082,2026-07-19,Phoenix Mercury,Connecticut Sun,72,63,False,False,2026
401857083,2026-07-21,Toronto Tempo,Las Vegas Aces,83,109,False,False,2026
401892393,2026-07-21,Dallas Wings,New York Liberty,98,99,False,False,2026
401857084,2026-07-21,Golden State Valkyries,Washington Mystics,82,90,False,False,2026
401857085,2026-07-21,Seattle Storm,Minnesota Lynx,102,105,False,False,2026
401857086,2026-07-22,Los Angeles Sparks,Phoenix Mercury,82,86,False,False,2026
401857087,2026-07-22,Seattle Storm,Minnesota Lynx,76,86,False,False,2026
401857088,2026-07-22,New York Liberty,Chicago Sky,95,94,False,False,2026
401857089,2026-07-22,Washington Mystics,Las Vegas Aces,100,99,False,False,2026
401857090,2026-07-23,Indiana Fever,Connecticut Sun,123,88,False,False,2026
401857091,2026-07-23,Portland Fire,Dallas Wings,97,101,False,False,2026
